grid_id,pop,admin2,admin3,total_arrivals,total_departures,to_Ancuabe,to_Balama,to_Chiure,to_Cidade De Pemba,to_Erati,to_Ibo,to_Lalaua,to_Macomia,to_Marrupa,to_Mecuburi,to_Mecufi,to_Mecula,to_Meluco,to_Memba,to_Metuge,to_Mocimboa Da Praia,to_Montepuez,to_Mueda,to_Muidumbe,to_Namuno,to_Nangade,to_Nipepe,to_Palma,to_Quissanga
317,1425.516332,Marrupa,Marrupa,2,0,,,,,,,,,,,,,,,,,,,,,,,,
318,889.087222,Marrupa,Marrupa,0,0,,,,,,,,,,,,,,,,,,,,,,,,
360,0,Marrupa,Marangira,,0,,,,,,,,,,,,,,,,,,,,,,,,
361,0,Marrupa,Marangira,,0,,,,,,,,,,,,,,,,,,,,,,,,
362,0,Marrupa,Marangira,,0,,,,,,,,,,,,,,,,,,,,,,,,
363,0,Marrupa,Marangira,,0,,,,,,,,,,,,,,,,,,,,,,,,
364,0,Marrupa,Marangira,,0,,,,,,,,,,,,,,,,,,,,,,,,
365,2.634265,Marrupa,Marangira,,0,,,,,,,,,,,,,,,,,,,,,,,,
366,21.07412,Marrupa,Marangira,,0,,,,,,,,,,,,,,,,,,,,,,,,
367,0,Marrupa,Marangira,,0,,,,,,,,,,,,,,,,,,,,,,,,
370,1117.241775,Marrupa,Nungo,2,0,,,,,,,,,,,,,,,,,,,,,,,,
371,0,Marrupa,Nungo,,0,,,,,,,,,,,,,,,,,,,,,,,,
406,0,Marrupa,Marangira,,0,,,,,,,,,,,,,,,,,,,,,,,,
407,0,Marrupa,Marangira,,0,,,,,,,,,,,,,,,,,,,,,,,,
408,0,Marrupa,Marangira,,0,,,,,,,,,,,,,,,,,,,,,,,,
409,0,Marrupa,Marangira,,0,,,,,,,,,,,,,,,,,,,,,,,,
410,0,Marrupa,Marangira,,0,,,,,,,,,,,,,,,,,,,,,,,,
411,0,Marrupa,Marangira,,0,,,,,,,,,,,,,,,,,,,,,,,,
412,5.26853,Marrupa,Marangira,,0,,,,,,,,,,,,,,,,,,,,,,,,
413,0,Marrupa,Marangira,,0,,,,,,,,,,,,,,,,,,,,,,,,
414,0,Marrupa,Marangira,,0,,,,,,,,,,,,,,,,,,,,,,,,
415,0,Marrupa,Marangira,,0,,,,,,,,,,,,,,,,,,,,,,,,
416,0,Marrupa,Marangira,,0,,,,,,,,,,,,,,,,,,,,,,,,
417,0,Marrupa,Nungo,,0,,,,,,,,,,,,,,,,,,,,,,,,
418,873.931344,Marrupa,Nungo,,0,,,,,,,,,,,,,,,,,,,,,,,,
419,0,Marrupa,Nungo,,0,,,,,,,,,,,,,,,,,,,,,,,,
420,0,Marrupa,Nungo,,0,,,,,,,,,,,,,,,,,,,,,,,,
421,0,Marrupa,Nungo,,0,,,,,,,,,,,,,,,,,,,,,,,,
422,7498.508208,Nipepe,Muipite,4,0,,,,,,,,,,,,,,,,,,,,,,,,
452,1578.68687,Mecula,Mecula,,0,,,,,,,,,,,,,,,,,,,,,,,,
453,0.765807105,Marrupa,Marangira,,0,,,,,,,,,,,,,,,,,,,,,,,,
454,0,Marrupa,Marangira,,0,,,,,,,,,,,,,,,,,,,,,,,,
455,0,Marrupa,Marangira,,0,,,,,,,,,,,,,,,,,,,,,,,,
456,0,Marrupa,Marangira,,0,,,,,,,,,,,,,,,,,,,,,,,,
457,0,Marrupa,Marangira,,0,,,,,,,,,,,,,,,,,,,,,,,,
458,0,Marrupa,Marangira,,0,,,,,,,,,,,,,,,,,,,,,,,,
459,0,Marrupa,Marangira,,0,,,,,,,,,,,,,,,,,,,,,,,,
460,0,Marrupa,Marangira,,0,,,,,,,,,,,,,,,,,,,,,,,,
461,0,Montepuez,Nairoto,,0,,,,,,,,,,,,,,,,,,,,,,,,
462,0,Montepuez,Nairoto,,0,,,,,,,,,,,,,,,,,,,,,,,,
463,0,Marrupa,Marangira,,0,,,,,,,,,,,,,,,,,,,,,,,,
464,0,Marrupa,Nungo,,0,,,,,,,,,,,,,,,,,,,,,,,,
465,0,Marrupa,Nungo,,0,,,,,,,,,,,,,,,,,,,,,,,,
466,928.552053,Marrupa,Nungo,1,0,,,,,,,,,,,,,,,,,,,,,,,,
467,0,Marrupa,Nungo,,0,,,,,,,,,,,,,,,,,,,,,,,,
468,0,Nipepe,Muipite,,0,,,,,,,,,,,,,,,,,,,,,,,,
469,0,Nipepe,Muipite,,0,,,,,,,,,,,,,,,,,,,,,,,,
470,878.203664,Nipepe,Muipite,1,0,,,,,,,,,,,,,,,,,,,,,,,,
471,0,Nipepe,Muipite,,0,,,,,,,,,,,,,,,,,,,,,,,,
472,0,Nipepe,Nipepe,,0,,,,,,,,,,,,,,,,,,,,,,,,
499,0,Mecula,Mecula,,0,,,,,,,,,,,,,,,,,,,,,,,,
500,124.10355,Mecula,Mecula,,0,,,,,,,,,,,,,,,,,,,,,,,,
501,0,Marrupa,Marangira,,0,,,,,,,,,,,,,,,,,,,,,,,,
502,0,Marrupa,Marangira,,0,,,,,,,,,,,,,,,,,,,,,,,,
503,10.895936,Marrupa,Marangira,,0,,,,,,,,,,,,,,,,,,,,,,,,
504,0,Montepuez,Nairoto,,0,,,,,,,,,,,,,,,,,,,,,,,,
505,0,Montepuez,Nairoto,,0,,,,,,,,,,,,,,,,,,,,,,,,
506,0,Montepuez,Nairoto,,0,,,,,,,,,,,,,,,,,,,,,,,,
507,0,Montepuez,Nairoto,,0,,,,,,,,,,,,,,,,,,,,,,,,
508,0,Montepuez,Nairoto,,0,,,,,,,,,,,,,,,,,,,,,,,,
509,0,Montepuez,Nairoto,,0,,,,,,,,,,,,,,,,,,,,,,,,
510,0,Montepuez,Nairoto,,0,,,,,,,,,,,,,,,,,,,,,,,,
511,0,Marrupa,Nungo,,0,,,,,,,,,,,,,,,,,,,,,,,,
512,0,Marrupa,Nungo,,0,,,,,,,,,,,,,,,,,,,,,,,,
513,0,Marrupa,Nungo,,0,,,,,,,,,,,,,,,,,,,,,,,,
514,166.488224,Balama,Impiri,,0,,,,,,,,,,,,,,,,,,,,,,,,
515,0,Nipepe,Muipite,,0,,,,,,,,,,,,,,,,,,,,,,,,
516,0,Nipepe,Muipite,,0,,,,,,,,,,,,,,,,,,,,,,,,
517,0,Nipepe,Muipite,,0,,,,,,,,,,,,,,,,,,,,,,,,
518,0,Nipepe,Muipite,,0,,,,,,,,,,,,,,,,,,,,,,,,
519,0,Nipepe,Muipite,,0,,,,,,,,,,,,,,,,,,,,,,,,
520,394.387326,Nipepe,Nipepe,,0,,,,,,,,,,,,,,,,,,,,,,,,
521,122.841954,Nipepe,Nipepe,,0,,,,,,,,,,,,,,,,,,,,,,,,
541,0,Mecula,Mecula,,0,,,,,,,,,,,,,,,,,,,,,,,,
542,0,Mecula,Mecula,,0,,,,,,,,,,,,,,,,,,,,,,,,
543,0,Mecula,Mecula,,0,,,,,,,,,,,,,,,,,,,,,,,,
544,0,Mecula,Mecula,,0,,,,,,,,,,,,,,,,,,,,,,,,
545,4.72498,Mecula,Mecula,,0,,,,,,,,,,,,,,,,,,,,,,,,
546,0,Mecula,Mecula,,0,,,,,,,,,,,,,,,,,,,,,,,,
547,0,Mecula,Mecula,,0,,,,,,,,,,,,,,,,,,,,,,,,
548,2.634265,Mecula,Mecula,,0,,,,,,,,,,,,,,,,,,,,,,,,
549,0,Marrupa,Marangira,,0,,,,,,,,,,,,,,,,,,,,,,,,
550,0,Montepuez,Nairoto,,0,,,,,,,,,,,,,,,,,,,,,,,,
551,0,Montepuez,Nairoto,,0,,,,,,,,,,,,,,,,,,,,,,,,
552,0,Montepuez,Nairoto,,0,,,,,,,,,,,,,,,,,,,,,,,,
553,0,Montepuez,Nairoto,,0,,,,,,,,,,,,,,,,,,,,,,,,
554,0,Montepuez,Nairoto,,0,,,,,,,,,,,,,,,,,,,,,,,,
555,0,Montepuez,Nairoto,,0,,,,,,,,,,,,,,,,,,,,,,,,
556,0,Montepuez,Nairoto,,0,,,,,,,,,,,,,,,,,,,,,,,,
557,0,Montepuez,Nairoto,,0,,,,,,,,,,,,,,,,,,,,,,,,
558,0,Montepuez,Nairoto,,0,,,,,,,,,,,,,,,,,,,,,,,,
559,19.862076,Marrupa,Nungo,,0,,,,,,,,,,,,,,,,,,,,,,,,
560,4.965519,Marrupa,Nungo,,0,,,,,,,,,,,,,,,,,,,,,,,,
561,0,Balama,Impiri,,0,,,,,,,,,,,,,,,,,,,,,,,,
562,698.452621,Balama,Impiri,,0,,,,,,,,,,,,,,,,,,,,,,,,
563,185.272435,Balama,Kuekue,,0,,,,,,,,,,,,,,,,,,,,,,,,
564,0,Balama,Kuekue,,0,,,,,,,,,,,,,,,,,,,,,,,,
565,0,Balama,Kuekue,,0,,,,,,,,,,,,,,,,,,,,,,,,
566,0,Balama,Kuekue,,0,,,,,,,,,,,,,,,,,,,,,,,,
567,0,Nipepe,Nipepe,,0,,,,,,,,,,,,,,,,,,,,,,,,
568,521.539524,Nipepe,Nipepe,,0,,,,,,,,,,,,,,,,,,,,,,,,
569,120.686832,Nipepe,Nipepe,,0,,,,,,,,,,,,,,,,,,,,,,,,
570,228.442932,Nipepe,Nipepe,,0,,,,,,,,,,,,,,,,,,,,,,,,
587,9.44996,Mecula,Mecula,,0,,,,,,,,,,,,,,,,,,,,,,,,
588,0,Mecula,Mecula,,0,,,,,,,,,,,,,,,,,,,,,,,,
589,23.6249,Mecula,Mecula,,0,,,,,,,,,,,,,,,,,,,,,,,,
590,0,Mecula,Mecula,,0,,,,,,,,,,,,,,,,,,,,,,,,
591,0,Mecula,Mecula,,0,,,,,,,,,,,,,,,,,,,,,,,,
592,4.72498,Mecula,Mecula,,0,,,,,,,,,,,,,,,,,,,,,,,,
593,18.89992,Mecula,Mecula,,0,,,,,,,,,,,,,,,,,,,,,,,,
594,0,Mecula,Mecula,,0,,,,,,,,,,,,,,,,,,,,,,,,
595,0,Mecula,Mecula,,0,,,,,,,,,,,,,,,,,,,,,,,,
596,0,Montepuez,Nairoto,,0,,,,,,,,,,,,,,,,,,,,,,,,
597,0,Montepuez,Nairoto,,0,,,,,,,,,,,,,,,,,,,,,,,,
598,10.895936,Montepuez,Nairoto,,0,,,,,,,,,,,,,,,,,,,,,,,,
599,0,Montepuez,Nairoto,,0,,,,,,,,,,,,,,,,,,,,,,,,
600,0,Montepuez,Nairoto,,0,,,,,,,,,,,,,,,,,,,,,,,,
601,0,Montepuez,Nairoto,,0,,,,,,,,,,,,,,,,,,,,,,,,
602,0,Montepuez,Nairoto,,0,,,,,,,,,,,,,,,,,,,,,,,,
603,0,Montepuez,Nairoto,,0,,,,,,,,,,,,,,,,,,,,,,,,
604,10.895936,Montepuez,Nairoto,,0,,,,,,,,,,,,,,,,,,,,,,,,
605,0,Montepuez,Nairoto,,0,,,,,,,,,,,,,,,,,,,,,,,,
606,128.03634,Montepuez,Nairoto,,0,,,,,,,,,,,,,,,,,,,,,,,,
607,0,Balama,Mavala,,0,,,,,,,,,,,,,,,,,,,,,,,,
608,81.537312,Balama,Impiri,,0,,,,,,,,,,,,,,,,,,,,,,,,
609,721.181384,Balama,Impiri,,0,,,,,,,,,,,,,,,,,,,,,,,,
610,2021.271625,Balama,Impiri,,0,,,,,,,,,,,,,,,,,,,,,,,,
611,1728.099843,Balama,Kuekue,,0,,,,,,,,,,,,,,,,,,,,,,,,
612,227.242487,Balama,Kuekue,,0,,,,,,,,,,,,,,,,,,,,,,,,
613,0,Balama,Kuekue,,0,,,,,,,,,,,,,,,,,,,,,,,,
614,0,Balama,Kuekue,,0,,,,,,,,,,,,,,,,,,,,,,,,
615,0,Balama,Kuekue,,0,,,,,,,,,,,,,,,,,,,,,,,,
616,0,Nipepe,Nipepe,,0,,,,,,,,,,,,,,,,,,,,,,,,
617,810.325872,Nipepe,Nipepe,2,0,,,,,,,,,,,,,,,,,,,,,,,,
618,978.425388,Nipepe,Nipepe,3,0,,,,,,,,,,,,,,,,,,,,,,,,
619,1420.21351,Lalaua,Lalaua,,0,,,,,,,,,,,,,,,,,,,,,,,,
635,23.230392,Mecula,Mecula,,0,,,,,,,,,,,,,,,,,,,,,,,,
636,4.72498,Mecula,Mecula,,0,,,,,,,,,,,,,,,,,,,,,,,,
637,0,Mecula,Mecula,,0,,,,,,,,,,,,,,,,,,,,,,,,
638,0,Mecula,Mecula,,0,,,,,,,,,,,,,,,,,,,,,,,,
639,4.72498,Mecula,Mecula,,0,,,,,,,,,,,,,,,,,,,,,,,,
640,0,Mecula,Mecula,,0,,,,,,,,,,,,,,,,,,,,,,,,
641,0,Mecula,Mecula,,0,,,,,,,,,,,,,,,,,,,,,,,,
642,10.895936,Mecula,Mecula,,0,,,,,,,,,,,,,,,,,,,,,,,,
643,90.446492,Mecula,Mecula,,0,,,,,,,,,,,,,,,,,,,,,,,,
644,10.895936,Montepuez,Nairoto,,0,,,,,,,,,,,,,,,,,,,,,,,,
645,10.895936,Montepuez,Nairoto,,0,,,,,,,,,,,,,,,,,,,,,,,,
646,0,Montepuez,Nairoto,,0,,,,,,,,,,,,,,,,,,,,,,,,
647,10.895936,Montepuez,Nairoto,,0,,,,,,,,,,,,,,,,,,,,,,,,
648,0,Montepuez,Nairoto,,0,,,,,,,,,,,,,,,,,,,,,,,,
649,0,Montepuez,Nairoto,,0,,,,,,,,,,,,,,,,,,,,,,,,
650,0,Montepuez,Nairoto,,0,,,,,,,,,,,,,,,,,,,,,,,,
651,381.35776,Montepuez,Nairoto,,0,,,,,,,,,,,,,,,,,,,,,,,,
652,1242.136704,Montepuez,Nairoto,,0,,,,,,,,,,,,,,,,,,,,,,,,
653,194.867172,Montepuez,Nairoto,,0,,,,,,,,,,,,,,,,,,,,,,,,
654,0,Balama,Mavala,,0,,,,,,,,,,,,,,,,,,,,,,,,
655,46.946658,Balama,Mavala,,0,,,,,,,,,,,,,,,,,,,,,,,,
656,1101.485549,Balama,Mavala,,0,,,,,,,,,,,,,,,,,,,,,,,,
657,7557.452746,Balama,Impiri,8,0,,,,,,,,,,,,,,,,,,,,,,,,
658,15586.98255,Balama,Impiri,33,0,,,,,,,,,,,,,,,,,,,,,,,,
659,8740.908686,Balama,Kuekue,17,0,,,,,,,,,,,,,,,,,,,,,,,,
660,391.068466,Balama,Kuekue,,0,,,,,,,,,,,,,,,,,,,,,,,,
661,21.138836,Balama,Kuekue,,0,,,,,,,,,,,,,,,,,,,,,,,,
662,0,Balama,Kuekue,,0,,,,,,,,,,,,,,,,,,,,,,,,
663,0,Balama,Kuekue,,0,,,,,,,,,,,,,,,,,,,,,,,,
664,0,Balama,Kuekue,,0,,,,,,,,,,,,,,,,,,,,,,,,
665,116.263598,Balama,Kuekue,,0,,,,,,,,,,,,,,,,,,,,,,,,
666,1082.951661,Nipepe,Nipepe,4,0,,,,,,,,,,,,,,,,,,,,,,,,
667,4826.782716,Lalaua,Lalaua,7,0,,,,,,,,,,,,,,,,,,,,,,,,
668,2164.029268,Lalaua,Lalaua,,0,,,,,,,,,,,,,,,,,,,,,,,,
683,1614.828107,Mecula,Mecula,4,0,,,,,,,,,,,,,,,,,,,,,,,,
684,227.10135,Mecula,Mecula,,0,,,,,,,,,,,,,,,,,,,,,,,,
685,7.32585,Mueda,Negomano,,0,,,,,,,,,,,,,,,,,,,,,,,,
686,209.84878,Mueda,Negomano,,0,,,,,,,,,,,,,,,,,,,,,,,,
687,14.6517,Mueda,Negomano,,0,,,,,,,,,,,,,,,,,,,,,,,,
688,118.1245,Montepuez,Nairoto,,0,,,,,,,,,,,,,,,,,,,,,,,,
689,141.7494,Montepuez,Nairoto,,0,,,,,,,,,,,,,,,,,,,,,,,,
690,10.895936,Montepuez,Nairoto,,0,,,,,,,,,,,,,,,,,,,,,,,,
691,21.791872,Montepuez,Nairoto,,0,,,,,,,,,,,,,,,,,,,,,,,,
692,21.791872,Montepuez,Nairoto,,0,,,,,,,,,,,,,,,,,,,,,,,,
693,0,Montepuez,Nairoto,,0,,,,,,,,,,,,,,,,,,,,,,,,
694,0,Montepuez,Nairoto,,0,,,,,,,,,,,,,,,,,,,,,,,,
695,0,Montepuez,Nairoto,,0,,,,,,,,,,,,,,,,,,,,,,,,
696,10.895936,Montepuez,Nairoto,,0,,,,,,,,,,,,,,,,,,,,,,,,
697,21.791872,Montepuez,Nairoto,,0,,,,,,,,,,,,,,,,,,,,,,,,
698,21.791872,Montepuez,Nairoto,,0,,,,,,,,,,,,,,,,,,,,,,,,
699,174.334976,Montepuez,Nairoto,,0,,,,,,,,,,,,,,,,,,,,,,,,
700,0,Montepuez,Nairoto,,0,,,,,,,,,,,,,,,,,,,,,,,,
701,0,Balama,Mavala,,0,,,,,,,,,,,,,,,,,,,,,,,,
702,379.841142,Balama,Mavala,,0,,,,,,,,,,,,,,,,,,,,,,,,
703,1711.419078,Balama,Mavala,,0,,,,,,,,,,,,,,,,,,,,,,,,
704,8683.75458,Balama,Mavala,8,0,,,,,,,,,,,,,,,,,,,,,,,,
705,1722.972277,Balama,Balama,,0,,,,,,,,,,,,,,,,,,,,,,,,
706,7435.232935,Balama,Balama,,0,,,,,,,,,,,,,,,,,,,,,,,,
707,6452.629689,Balama,Kuekue,,0,,,,,,,,,,,,,,,,,,,,,,,,
708,1738.669261,Balama,Kuekue,,0,,,,,,,,,,,,,,,,,,,,,,,,
709,21.138836,Balama,Kuekue,,0,,,,,,,,,,,,,,,,,,,,,,,,
710,52.84709,Balama,Kuekue,,0,,,,,,,,,,,,,,,,,,,,,,,,
711,10.569418,Balama,Kuekue,,0,,,,,,,,,,,,,,,,,,,,,,,,
712,421.443316,Namuno,Papai,,0,,,,,,,,,,,,,,,,,,,,,,,,
713,808.271386,Balama,Kuekue,,0,,,,,,,,,,,,,,,,,,,,,,,,
714,570.007846,Balama,Kuekue,,0,,,,,,,,,,,,,,,,,,,,,,,,
715,5464.28232,Lalaua,Lalaua,7,0,,,,,,,,,,,,,,,,,,,,,,,,
716,2875.253316,Lalaua,Lalaua,2,0,,,,,,,,,,,,,,,,,,,,,,,,
717,1006.121824,Lalaua,Lalaua,,0,,,,,,,,,,,,,,,,,,,,,,,,
731,2471.882402,Mueda,Negomano,,0,,,,,,,,,,,,,,,,,,,,,,,,
732,21.97755,Mueda,Negomano,,0,,,,,,,,,,,,,,,,,,,,,,,,
733,0,Mueda,Negomano,,0,,,,,,,,,,,,,,,,,,,,,,,,
734,0,Mueda,Negomano,,0,,,,,,,,,,,,,,,,,,,,,,,,
735,0,Mueda,Negomano,,0,,,,,,,,,,,,,,,,,,,,,,,,
736,0,Montepuez,Nairoto,,0,,,,,,,,,,,,,,,,,,,,,,,,
737,0,Montepuez,Nairoto,,0,,,,,,,,,,,,,,,,,,,,,,,,
738,10.895936,Montepuez,Nairoto,,0,,,,,,,,,,,,,,,,,,,,,,,,
739,0,Montepuez,Nairoto,,0,,,,,,,,,,,,,,,,,,,,,,,,
740,0,Montepuez,Nairoto,,0,,,,,,,,,,,,,,,,,,,,,,,,
741,0,Montepuez,Nairoto,,0,,,,,,,,,,,,,,,,,,,,,,,,
742,0,Montepuez,Nairoto,,0,,,,,,,,,,,,,,,,,,,,,,,,
743,0,Montepuez,Nairoto,,0,,,,,,,,,,,,,,,,,,,,,,,,
744,0,Montepuez,Nairoto,,0,,,,,,,,,,,,,,,,,,,,,,,,
745,0,Montepuez,Nairoto,,0,,,,,,,,,,,,,,,,,,,,,,,,
746,54.47968,Montepuez,Nairoto,,0,,,,,,,,,,,,,,,,,,,,,,,,
747,10.895936,Montepuez,Nairoto,,0,,,,,,,,,,,,,,,,,,,,,,,,
748,8.535756,Montepuez,Nairoto,,0,,,,,,,,,,,,,,,,,,,,,,,,
749,0,Balama,Mavala,,0,,,,,,,,,,,,,,,,,,,,,,,,
750,0,Balama,Mavala,,0,,,,,,,,,,,,,,,,,,,,,,,,
751,3431.373912,Balama,Mavala,,0,,,,,,,,,,,,,,,,,,,,,,,,
752,502.000784,Balama,Mavala,,0,,,,,,,,,,,,,,,,,,,,,,,,
753,28180.0288,Balama,Balama,41,0,,,,,,,,,,,,,,,,,,,,,,,,
754,12702.63872,Balama,Balama,17,0,,,,,,,,,,,,,,,,,,,,,,,,
755,4645.43204,Balama,Kuekue,,0,,,,,,,,,,,,,,,,,,,,,,,,
756,718.720424,Balama,Kuekue,,0,,,,,,,,,,,,,,,,,,,,,,,,
757,476.806866,Balama,Kuekue,,0,,,,,,,,,,,,,,,,,,,,,,,,
758,4408.234049,Namuno,N'Cumpe,,0,,,,,,,,,,,,,,,,,,,,,,,,
759,1435.900904,Namuno,Papai,,0,,,,,,,,,,,,,,,,,,,,,,,,
760,0,Namuno,Papai,,0,,,,,,,,,,,,,,,,,,,,,,,,
761,3251.755045,Namuno,Papai,,0,,,,,,,,,,,,,,,,,,,,,,,,
762,816.429812,Namuno,Papai,,0,,,,,,,,,,,,,,,,,,,,,,,,
763,893.366792,Lalaua,Lalaua,,0,,,,,,,,,,,,,,,,,,,,,,,,
764,2986.999906,Lalaua,Lalaua,5,0,,,,,,,,,,,,,,,,,,,,,,,,
765,358.940314,Mecuburi,Mecuburi,,0,,,,,,,,,,,,,,,,,,,,,,,,
778,30.215325,Mueda,Negomano,,0,,,,,,,,,,,,,,,,,,,,,,,,
779,7.32585,Mueda,Negomano,,0,,,,,,,,,,,,,,,,,,,,,,,,
780,0,Mueda,Negomano,,0,,,,,,,,,,,,,,,,,,,,,,,,
781,0,Mueda,Negomano,,8,,,,,,,,,,4,4,0,,,,,,,,,,,,
782,0,Mueda,Negomano,,9,,,,,,,,,,2,2,0,,,,,,,,,,1,4,
783,0,Mueda,Negomano,,42,8,10,16,,,,,,,3,3,0,,,,,,,,,,0,2,
784,80.58435,Mueda,Negomano,,46,4,5,8,,,,,,,0,0,1,,,,7,17,,,,,1,3,
785,0,Montepuez,Nairoto,,0,,,,,,,,,,,,,,,,,,,,,,,,
786,0,Montepuez,Nairoto,,0,,,,,,,,,,,,,,,,,,,,,,,,
787,0,Montepuez,Nairoto,,0,,,,,,,,,,,,,,,,,,,,,,,,
788,0,Montepuez,Nairoto,,0,,,,,,,,,,,,,,,,,,,,,,,,
789,0,Montepuez,Nairoto,,0,,,,,,,,,,,,,,,,,,,,,,,,
790,0,Montepuez,Nairoto,,0,,,,,,,,,,,,,,,,,,,,,,,,
791,21.791872,Montepuez,Nairoto,,0,,,,,,,,,,,,,,,,,,,,,,,,
792,0,Montepuez,Nairoto,,0,,,,,,,,,,,,,,,,,,,,,,,,
793,0,Montepuez,Nairoto,,0,,,,,,,,,,,,,,,,,,,,,,,,
794,1024.217984,Montepuez,Nairoto,,0,,,,,,,,,,,,,,,,,,,,,,,,
795,0,Montepuez,Nairoto,,0,,,,,,,,,,,,,,,,,,,,,,,,
796,17.469111,Montepuez,Mirate,,0,,,,,,,,,,,,,,,,,,,,,,,,
797,11.646074,Montepuez,Mirate,,0,,,,,,,,,,,,,,,,,,,,,,,,
798,167.312914,Montepuez,Mirate,,0,,,,,,,,,,,,,,,,,,,,,,,,
799,3961.370742,Balama,Mavala,,0,,,,,,,,,,,,,,,,,,,,,,,,
800,7807.117516,Balama,Balama,8,0,,,,,,,,,,,,,,,,,,,,,,,,
801,13028.68864,Balama,Balama,33,0,,,,,,,,,,,,,,,,,,,,,,,,
802,6847.04832,Balama,Balama,,0,,,,,,,,,,,,,,,,,,,,,,,,
803,3487.554615,Balama,Balama,,0,,,,,,,,,,,,,,,,,,,,,,,,
804,4376.206917,Namuno,Namuno,,0,,,,,,,,,,,,,,,,,,,,,,,,
805,9819.36528,Namuno,N'Cumpe,13,0,,,,,,,,,,,,,,,,,,,,,,,,
806,9684.2364,Namuno,N'Cumpe,12,0,,,,,,,,,,,,,,,,,,,,,,,,
807,2680.05612,Namuno,N'Cumpe,,0,,,,,,,,,,,,,,,,,,,,,,,,
808,266.627404,Namuno,Papai,,0,,,,,,,,,,,,,,,,,,,,,,,,
809,1212.724644,Namuno,Papai,,0,,,,,,,,,,,,,,,,,,,,,,,,
810,1918.142292,Namuno,Papai,,0,,,,,,,,,,,,,,,,,,,,,,,,
811,2504.715919,Lalaua,Lalaua,3,0,,,,,,,,,,,,,,,,,,,,,,,,
812,678.55139,Mecuburi,Muite,,0,,,,,,,,,,,,,,,,,,,,,,,,
813,1851.977577,Mecuburi,Mecuburi,,0,,,,,,,,,,,,,,,,,,,,,,,,
826,25.89885,Mueda,Negomano,,41,6,8,12,,,,,,,,,,,,,4,8,,,,,0,1,2
827,0,Mueda,Negomano,,27,3,2,3,,,,,,,,,,,,,5,13,,,,,,,1
828,652.00065,Mueda,Negomano,,8,,,,,,,,,,,,,,,,2,4,,,,,,,2
829,0,Mueda,Negomano,,1,,,,,,,,,,,,,,,,,,,,,,,,1
830,7.32585,Mueda,Negomano,,0,,,,,,,,,,,,,,,,,,,,,,,,
831,0,Mueda,Negomano,,0,,,,,,,,,,,,,,,,,,,,,,,,
832,0,Mueda,Negomano,,0,,,,,,,,,,,,,,,,,,,,,,,,
833,0,Montepuez,Nairoto,,0,,,,,,,,,,,,,,,,,,,,,,,,
834,0,Montepuez,Nairoto,,0,,,,,,,,,,,,,,,,,,,,,,,,
835,32.687808,Montepuez,Nairoto,,0,,,,,,,,,,,,,,,,,,,,,,,,
836,1372.887936,Montepuez,Nairoto,,0,,,,,,,,,,,,,,,,,,,,,,,,
837,0,Montepuez,Nairoto,,0,,,,,,,,,,,,,,,,,,,,,,,,
838,0,Montepuez,Nairoto,,0,,,,,,,,,,,,,,,,,,,,,,,,
839,0,Montepuez,Nairoto,,0,,,,,,,,,,,,,,,,,,,,,,,,
840,0,Montepuez,Nairoto,,0,,,,,,,,,,,,,,,,,,,,,,,,
841,0,Montepuez,Nairoto,,0,,,,,,,,,,,,,,,,,,,,,,,,
842,0,Montepuez,Nairoto,,0,,,,,,,,,,,,,,,,,,,,,,,,
843,196.482982,Montepuez,Mirate,,0,,,,,,,,,,,,,,,,,,,,,,,,
844,122.283777,Montepuez,Mirate,,0,,,,,,,,,,,,,,,,,,,,,,,,
845,1904.133099,Montepuez,Mirate,,0,,,,,,,,,,,,,,,,,,,,,,,,
846,768.640884,Montepuez,Mirate,,0,,,,,,,,,,,,,,,,,,,,,,,,
847,6763.731431,Montepuez,Mapupulo,,0,,,,,,,,,,,,,,,,,,,,,,,,
848,5374.003511,Balama,Balama,,0,,,,,,,,,,,,,,,,,,,,,,,,
849,4684.47232,Balama,Balama,,0,,,,,,,,,,,,,,,,,,,,,,,,
850,5916.393784,Montepuez,Mapupulo,,0,,,,,,,,,,,,,,,,,,,,,,,,
851,9851.983498,Namuno,Namuno,25,0,,,,,,,,,,,,,,,,,,,,,,,,
852,8907.565777,Namuno,Namuno,,0,,,,,,,,,,,,,,,,,,,,,,,,
853,4808.168099,Namuno,N'Cumpe,,0,,,,,,,,,,,,,,,,,,,,,,,,
854,6474.9255,Namuno,N'Cumpe,,0,,,,,,,,,,,,,,,,,,,,,,,,
855,236.47554,Namuno,N'Cumpe,,0,,,,,,,,,,,,,,,,,,,,,,,,
856,97.375395,Namuno,Machoca,,0,,,,,,,,,,,,,,,,,,,,,,,,
857,3044.712936,Namuno,Papai,,0,,,,,,,,,,,,,,,,,,,,,,,,
858,1479.424628,Namuno,Papai,,0,,,,,,,,,,,,,,,,,,,,,,,,
859,4574.77608,Mecuburi,Muite,11,0,,,,,,,,,,,,,,,,,,,,,,,,
860,2115.833937,Mecuburi,Muite,,0,,,,,,,,,,,,,,,,,,,,,,,,
861,2885.200383,Mecuburi,Mecuburi,,0,,,,,,,,,,,,,,,,,,,,,,,,
873,257.6814,Mueda,Negomano,,0,,,,,,,,,,,,,,,,,,,,,,,,
874,14.6517,Mueda,Negomano,,0,,,,,,,,,,,,,,,,,,,,,,,,
875,608.04555,Mueda,Negomano,,0,,,,,,,,,,,,,,,,,,,,,,,,
876,21.97755,Mueda,Negomano,,0,,,,,,,,,,,,,,,,,,,,,,,,
877,7.32585,Mueda,Negomano,,0,,,,,,,,,,,,,,,,,,,,,,,,
878,0,Mueda,Negomano,,0,,,,,,,,,,,,,,,,,,,,,,,,
879,0,Mueda,Negomano,,0,,,,,,,,,,,,,,,,,,,,,,,,
880,0,Mueda,Negomano,,8,,,,,,,2,6,0,,,,,,,,,,,,,,,
881,0,Montepuez,Nairoto,,0,,,,,,,,,,,,,,,,,,,,,,,,
882,0,Montepuez,Nairoto,,0,,,,,,,,,,,,,,,,,,,,,,,,
883,54.47968,Montepuez,Nairoto,,0,,,,,,,,,,,,,,,,,,,,,,,,
884,446.733376,Montepuez,Nairoto,,0,,,,,,,,,,,,,,,,,,,,,,,,
885,0,Montepuez,Nairoto,,0,,,,,,,,,,,,,,,,,,,,,,,,
886,0,Montepuez,Nairoto,,0,,,,,,,,,,,,,,,,,,,,,,,,
887,0,Montepuez,Nairoto,,0,,,,,,,,,,,,,,,,,,,,,,,,
888,0,Montepuez,Nairoto,,0,,,,,,,,,,,,,,,,,,,,,,,,
889,0,Montepuez,Mirate,,0,,,,,,,,,,,,,,,,,,,,,,,,
890,0,Montepuez,Mirate,,0,,,,,,,,,,,,,,,,,,,,,,,,
891,5.823037,Montepuez,Mirate,,0,,,,,,,,,,,,,,,,,,,,,,,,
892,2096.29332,Montepuez,Mirate,,0,,,,,,,,,,,,,,,,,,,,,,,,
893,6178.242257,Montepuez,Mirate,,0,,,,,,,,,,,,,,,,,,,,,,,,
894,11867.34941,Montepuez,Mirate,14,0,,,,,,,,,,,,,,,,,,,,,,,,
895,3627.752051,Montepuez,Mapupulo,,0,,,,,,,,,,,,,,,,,,,,,,,,
896,2335.63944,Montepuez,Mapupulo,,0,,,,,,,,,,,,,,,,,,,,,,,,
897,4057.865848,Montepuez,Mapupulo,,0,,,,,,,,,,,,,,,,,,,,,,,,
898,2692.253079,Montepuez,Mapupulo,,0,,,,,,,,,,,,,,,,,,,,,,,,
899,10094.50169,Namuno,Namuno,25,0,,,,,,,,,,,,,,,,,,,,,,,,
900,37482.77056,Namuno,Namuno,64,0,,,,,,,,,,,,,,,,,,,,,,,,
901,5934.163209,Namuno,Namuno,,0,,,,,,,,,,,,,,,,,,,,,,,,
902,6418.16468,Namuno,Hucula,,0,,,,,,,,,,,,,,,,,,,,,,,,
903,9727.580801,Namuno,Machoca,13,0,,,,,,,,,,,,,,,,,,,,,,,,
904,11237.12058,Namuno,Machoca,51,0,,,,,,,,,,,,,,,,,,,,,,,,
905,2007.944852,Namuno,Machoca,,0,,,,,,,,,,,,,,,,,,,,,,,,
906,1190.183504,Mecuburi,Muite,,0,,,,,,,,,,,,,,,,,,,,,,,,
907,3431.08206,Mecuburi,Muite,3,0,,,,,,,,,,,,,,,,,,,,,,,,
908,432.969879,Mecuburi,Muite,,0,,,,,,,,,,,,,,,,,,,,,,,,
921,472.19805,Mueda,Negomano,,4,,,,,,,1,3,0,,,,,,,,,,,,,,,
922,164.504769,Mueda,Negomano,,35,,,,16,13,1,1,4,0,,,,,,,,,,,,,,,
923,0,Mueda,Negomano,,16,,,,8,6,0,0,1,1,,,,,,,,,,,,,,,
924,0,Mueda,N'Gapa,,32,,,,12,10,1,,,,,,,2,1,6,,,,,,,,,
925,0,Mueda,N'Gapa,,33,,,,4,3,0,,,,,,,1,1,3,,,,,15,6,,,
926,0,Mueda,N'Gapa,,18,,,,,,,,,,,,,1,1,5,,,,,8,3,,,
927,0,Mueda,N'Gapa,,31,,,,,,,,,,,,,0,0,1,,,10,5,11,4,,,
928,0,Montepuez,Nairoto,,0,,,,,,,,,,,,,,,,,,,,,,,,
929,0,Montepuez,Nairoto,,0,,,,,,,,,,,,,,,,,,,,,,,,
930,0,Montepuez,Nairoto,,0,,,,,,,,,,,,,,,,,,,,,,,,
931,0,Montepuez,Nairoto,,0,,,,,,,,,,,,,,,,,,,,,,,,
932,0,Montepuez,Nairoto,,0,,,,,,,,,,,,,,,,,,,,,,,,
933,0,Montepuez,Nairoto,,0,,,,,,,,,,,,,,,,,,,,,,,,
934,0,Montepuez,Nairoto,,0,,,,,,,,,,,,,,,,,,,,,,,,
935,119.855296,Montepuez,Nairoto,,0,,,,,,,,,,,,,,,,,,,,,,,,
936,163.43904,Montepuez,Nairoto,,0,,,,,,,,,,,,,,,,,,,,,,,,
937,0,Montepuez,Mirate,,0,,,,,,,,,,,,,,,,,,,,,,,,
938,0,Montepuez,Mirate,,0,,,,,,,,,,,,,,,,,,,,,,,,
939,0,Montepuez,Mirate,,0,,,,,,,,,,,,,,,,,,,,,,,,
940,1176.253474,Montepuez,Mirate,,0,,,,,,,,,,,,,,,,,,,,,,,,
941,1997.301691,Montepuez,Mirate,,0,,,,,,,,,,,,,,,,,,,,,,,,
942,2340.860874,Montepuez,Mirate,,0,,,,,,,,,,,,,,,,,,,,,,,,
943,4115.308516,Montepuez,Mirate,,0,,,,,,,,,,,,,,,,,,,,,,,,
944,4722.252208,Montepuez,Mapupulo,,0,,,,,,,,,,,,,,,,,,,,,,,,
945,2705.632048,Montepuez,Mapupulo,,0,,,,,,,,,,,,,,,,,,,,,,,,
946,5624.079513,Namuno,Namuno,,0,,,,,,,,,,,,,,,,,,,,,,,,
947,10316.35887,Namuno,Namuno,51,0,,,,,,,,,,,,,,,,,,,,,,,,
948,6012.329578,Namuno,Namuno,,0,,,,,,,,,,,,,,,,,,,,,,,,
949,6544.456447,Namuno,Namuno,,0,,,,,,,,,,,,,,,,,,,,,,,,
950,2800.19257,Namuno,Hucula,,0,,,,,,,,,,,,,,,,,,,,,,,,
951,2083.833453,Namuno,Machoca,,0,,,,,,,,,,,,,,,,,,,,,,,,
952,1928.032821,Namuno,Machoca,,0,,,,,,,,,,,,,,,,,,,,,,,,
953,4494.859662,Namuno,Machoca,,0,,,,,,,,,,,,,,,,,,,,,,,,
954,2246.541825,Mecuburi,Muite,,0,,,,,,,,,,,,,,,,,,,,,,,,
955,971.746422,Mecuburi,Muite,,0,,,,,,,,,,,,,,,,,,,,,,,,
956,1390.508317,Mecuburi,Muite,,0,,,,,,,,,,,,,,,,,,,,,,,,
969,156.005454,Mueda,N'Gapa,,12,,,,,,,,,,,,,,,,,,5,2,4,1,,,
970,219.825867,Mueda,N'Gapa,,11,,,,,,,,,,,,,,,,,,7,4,,,,,
971,0,Mueda,N'Gapa,,3,,,,,,,,,,,,,,,,,,2,1,,,,,
972,0,Mueda,N'Gapa,,0,,,,,,,,,,,,,,,,,,,,,,,,
973,0,Mueda,N'Gapa,,0,,,,,,,,,,,,,,,,,,,,,,,,
974,0,Mueda,N'Gapa,,0,,,,,,,,,,,,,,,,,,,,,,,,
975,0,Mueda,N'Gapa,,0,,,,,,,,,,,,,,,,,,,,,,,,
976,0,Mueda,N'Gapa,,0,,,,,,,,,,,,,,,,,,,,,,,,
977,0,Montepuez,Nairoto,,0,,,,,,,,,,,,,,,,,,,,,,,,
978,0,Montepuez,Nairoto,,0,,,,,,,,,,,,,,,,,,,,,,,,
979,10.895936,Montepuez,Nairoto,,0,,,,,,,,,,,,,,,,,,,,,,,,
980,0,Montepuez,Nairoto,,0,,,,,,,,,,,,,,,,,,,,,,,,
981,0,Montepuez,Nairoto,,0,,,,,,,,,,,,,,,,,,,,,,,,
982,1253.03264,Montepuez,Nairoto,,0,,,,,,,,,,,,,,,,,,,,,,,,
983,501.213056,Montepuez,Nairoto,,0,,,,,,,,,,,,,,,,,,,,,,,,
984,3944.328832,Montepuez,Nairoto,,0,,,,,,,,,,,,,,,,,,,,,,,,
985,838.517328,Montepuez,Mirate,,0,,,,,,,,,,,,,,,,,,,,,,,,
986,1019.031475,Montepuez,Mirate,,0,,,,,,,,,,,,,,,,,,,,,,,,
987,599.772811,Montepuez,Mirate,,0,,,,,,,,,,,,,,,,,,,,,,,,
988,2364.153022,Montepuez,Mirate,,0,,,,,,,,,,,,,,,,,,,,,,,,
989,2480.613762,Montepuez,Mirate,,0,,,,,,,,,,,,,,,,,,,,,,,,
990,17764.3584,Montepuez,Montepuez,56,0,,,,,,,,,,,,,,,,,,,,,,,,
991,87667.31479,Montepuez,Montepuez,70,0,,,,,,,,,,,,,,,,,,,,,,,,
992,7419.481672,Montepuez,Montepuez,14,0,,,,,,,,,,,,,,,,,,,,,,,,
993,4428.161768,Montepuez,Mapupulo,,0,,,,,,,,,,,,,,,,,,,,,,,,
994,564.751328,Namuno,Meloco,,0,,,,,,,,,,,,,,,,,,,,,,,,
995,4980.061709,Namuno,Namuno,,0,,,,,,,,,,,,,,,,,,,,,,,,
996,1275.678785,Namuno,Namuno,,0,,,,,,,,,,,,,,,,,,,,,,,,
997,1034.999167,Namuno,Namuno,,0,,,,,,,,,,,,,,,,,,,,,,,,
998,2082.496155,Namuno,Hucula,,0,,,,,,,,,,,,,,,,,,,,,,,,
999,996.012824,Namuno,Machoca,,0,,,,,,,,,,,,,,,,,,,,,,,,
1000,1811.182347,Namuno,Machoca,,0,,,,,,,,,,,,,,,,,,,,,,,,
1001,3648.606501,Mecuburi,Muite,3,0,,,,,,,,,,,,,,,,,,,,,,,,
1002,849.601272,Mecuburi,Muite,,0,,,,,,,,,,,,,,,,,,,,,,,,
1003,1821.038527,Mecuburi,Milhana,,0,,,,,,,,,,,,,,,,,,,,,,,,
1017,99.276198,Mueda,N'Gapa,,0,,,,,,,,,,,,,,,,,,,,,,,,
1018,538.927932,Mueda,N'Gapa,,0,,,,,,,,,,,,,,,,,,,,,,,,
1019,141.82314,Mueda,N'Gapa,,0,,,,,,,,,,,,,,,,,,,,,,,,
1020,0,Mueda,N'Gapa,,0,,,,,,,,,,,,,,,,,,,,,,,,
1021,0,Mueda,N'Gapa,,0,,,,,,,,,,,,,,,,,,,,,,,,
1022,0,Mueda,N'Gapa,,0,,,,,,,,,,,,,,,,,,,,,,,,
1023,0,Mueda,N'Gapa,,0,,,,,,,,,,,,,,,,,,,,,,,,
1024,0,Mueda,Chapa,,0,,,,,,,,,,,,,,,,,,,,,,,,
1025,0,Mueda,Chapa,,0,,,,,,,,,,,,,,,,,,,,,,,,
1026,54.010468,Mueda,Chapa,,0,,,,,,,,,,,,,,,,,,,,,,,,
1027,0,Montepuez,Nairoto,,0,,,,,,,,,,,,,,,,,,,,,,,,
1028,32.687808,Montepuez,Nairoto,,0,,,,,,,,,,,,,,,,,,,,,,,,
1029,4238.519104,Montepuez,Nairoto,,0,,,,,,,,,,,,,,,,,,,,,,,,
1030,108.95936,Montepuez,Nairoto,,0,,,,,,,,,,,,,,,,,,,,,,,,
1031,0,Montepuez,Nairoto,,0,,,,,,,,,,,,,,,,,,,,,,,,
1032,68.376168,Montepuez,Nairoto,,0,,,,,,,,,,,,,,,,,,,,,,,,
1033,17.469111,Montepuez,Mirate,,0,,,,,,,,,,,,,,,,,,,,,,,,
1034,17.469111,Montepuez,Mirate,,0,,,,,,,,,,,,,,,,,,,,,,,,
1035,0,Montepuez,Mirate,,0,,,,,,,,,,,,,,,,,,,,,,,,
1036,669.649255,Montepuez,Mirate,,0,,,,,,,,,,,,,,,,,,,,,,,,
1037,1013.545399,Montepuez,Mirate,,0,,,,,,,,,,,,,,,,,,,,,,,,
1038,3629.916288,Montepuez,Montepuez,,0,,,,,,,,,,,,,,,,,,,,,,,,
1039,9963.653713,Montepuez,Montepuez,14,0,,,,,,,,,,,,,,,,,,,,,,,,
1040,5429.230171,Montepuez,Montepuez,,0,,,,,,,,,,,,,,,,,,,,,,,,
1041,1315.912068,Montepuez,Montepuez,,0,,,,,,,,,,,,,,,,,,,,,,,,
1042,4410.966588,Namuno,Meloco,,0,,,,,,,,,,,,,,,,,,,,,,,,
1043,1789.957456,Namuno,Meloco,,0,,,,,,,,,,,,,,,,,,,,,,,,
1044,1287.673476,Namuno,Meloco,,0,,,,,,,,,,,,,,,,,,,,,,,,
1045,0,Namuno,Namuno,,0,,,,,,,,,,,,,,,,,,,,,,,,
1046,447.08957,Namuno,Hucula,,0,,,,,,,,,,,,,,,,,,,,,,,,
1047,180.136338,Namuno,Hucula,,0,,,,,,,,,,,,,,,,,,,,,,,,
1048,1834.44954,Namuno,Machoca,,0,,,,,,,,,,,,,,,,,,,,,,,,
1049,10548.31826,Mecuburi,Muite,14,0,,,,,,,,,,,,,,,,,,,,,,,,
1050,4051.944528,Mecuburi,Muite,11,0,,,,,,,,,,,,,,,,,,,,,,,,
1051,1613.790179,Mecuburi,Muite,,0,,,,,,,,,,,,,,,,,,,,,,,,
1065,1070.764707,Mueda,N'Gapa,,0,,,,,,,,,,,,,,,,,,,,,,,,
1066,241.099338,Mueda,N'Gapa,,0,,,,,,,,,,,,,,,,,,,,,,,,
1067,163.096611,Mueda,N'Gapa,,0,,,,,,,,,,,,,,,,,,,,,,,,
1068,297.828594,Mueda,N'Gapa,,0,,,,,,,,,,,,,,,,,,,,,,,,
1069,489.289833,Mueda,N'Gapa,,0,,,,,,,,,,,,,,,,,,,,,,,,
1070,7.091157,Mueda,N'Gapa,,0,,,,,,,,,,,,,,,,,,,,,,,,
1071,0,Mueda,N'Gapa,,0,,,,,,,,,,,,,,,,,,,,,,,,
1072,0,Mueda,Chapa,,0,,,,,,,,,,,,,,,,,,,,,,,,
1073,0,Mueda,Chapa,,0,,,,,,,,,,,,,,,,,,,,,,,,
1074,0,Mueda,Chapa,,0,,,,,,,,,,,,,,,,,,,,,,,,
1075,10.895936,Montepuez,Nairoto,,0,,,,,,,,,,,,,,,,,,,,,,,,
1076,54.47968,Montepuez,Nairoto,,0,,,,,,,,,,,,,,,,,,,,,,,,
1077,54.47968,Montepuez,Nairoto,,0,,,,,,,,,,,,,,,,,,,,,,,,
1078,0,Montepuez,Nairoto,,0,,,,,,,,,,,,,,,,,,,,,,,,
1079,10.895936,Montepuez,Nairoto,,0,,,,,,,,,,,,,,,,,,,,,,,,
1080,10.895936,Montepuez,Nairoto,,0,,,,,,,,,,,,,,,,,,,,,,,,
1081,4.523935,Meluco,Meluco,,0,,,,,,,,,,,,,,,,,,,,,,,,
1082,0,Meluco,Meluco,,0,,,,,,,,,,,,,,,,,,,,,,,,
1083,122.146245,Meluco,Meluco,,0,,,,,,,,,,,,,,,,,,,,,,,,
1084,206.385842,Montepuez,Mirate,,0,,,,,,,,,,,,,,,,,,,,,,,,
1085,1249.405469,Montepuez,Montepuez,,0,,,,,,,,,,,,,,,,,,,,,,,,
1086,13373.39701,Montepuez,Montepuez,28,0,,,,,,,,,,,,,,,,,,,,,,,,
1087,1907.386568,Montepuez,Montepuez,,0,,,,,,,,,,,,,,,,,,,,,,,,
1088,588.18088,Montepuez,Montepuez,,0,,,,,,,,,,,,,,,,,,,,,,,,
1089,248.7839,Namuno,Meloco,,0,,,,,,,,,,,,,,,,,,,,,,,,
1090,4803.661336,Namuno,Meloco,,0,,,,,,,,,,,,,,,,,,,,,,,,
1091,7543.392136,Namuno,Meloco,,0,,,,,,,,,,,,,,,,,,,,,,,,
1092,5095.899288,Namuno,Meloco,,0,,,,,,,,,,,,,,,,,,,,,,,,
1093,164.383848,Namuno,Meloco,,0,,,,,,,,,,,,,,,,,,,,,,,,
1094,109.589232,Namuno,Meloco,,0,,,,,,,,,,,,,,,,,,,,,,,,
1095,5270.95072,Namuno,Hucula,,0,,,,,,,,,,,,,,,,,,,,,,,,
1096,3769.563075,Mecuburi,Muite,6,0,,,,,,,,,,,,,,,,,,,,,,,,
1097,3308.543415,Mecuburi,Muite,3,0,,,,,,,,,,,,,,,,,,,,,,,,
1098,3890.417538,Mecuburi,Muite,6,0,,,,,,,,,,,,,,,,,,,,,,,,
1113,907.668096,Mueda,N'Gapa,,0,,,,,,,,,,,,,,,,,,,,,,,,
1114,148.914297,Mueda,N'Gapa,,0,,,,,,,,,,,,,,,,,,,,,,,,
1115,113.458512,Mueda,N'Gapa,,0,,,,,,,,,,,,,,,,,,,,,,,,
1116,177.278925,Mueda,N'Gapa,,0,,,,,,,,,,,,,,,,,,,,,,,,
1117,822.574212,Mueda,N'Gapa,,0,,,,,,,,,,,,,,,,,,,,,,,,
1118,148.914297,Mueda,N'Gapa,,0,,,,,,,,,,,,,,,,,,,,,,,,
1119,0,Mueda,N'Gapa,,0,,,,,,,,,,,,,,,,,,,,,,,,
1120,0,Mueda,Chapa,,0,,,,,,,,,,,,,,,,,,,,,,,,
1121,0,Mueda,Chapa,,0,,,,,,,,,,,,,,,,,,,,,,,,
1122,2160.41872,Mueda,Chapa,,0,,,,,,,,,,,,,,,,,,,,,,,,
1123,3586.48276,Montepuez,Nairoto,,0,,,,,,,,,,,,,,,,,,,,,,,,
1124,0,Montepuez,Nairoto,,0,,,,,,,,,,,,,,,,,,,,,,,,
1125,21.791872,Montepuez,Nairoto,,0,,,,,,,,,,,,,,,,,,,,,,,,
1126,76.271552,Montepuez,Nairoto,,0,,,,,,,,,,,,,,,,,,,,,,,,
1127,4.523935,Meluco,Meluco,,0,,,,,,,,,,,,,,,,,,,,,,,,
1128,9.04787,Meluco,Meluco,,0,,,,,,,,,,,,,,,,,,,,,,,,
1129,0,Meluco,Meluco,,0,,,,,,,,,,,,,,,,,,,,,,,,
1130,0,Meluco,Meluco,,0,,,,,,,,,,,,,,,,,,,,,,,,
1131,285.007905,Meluco,Meluco,,0,,,,,,,,,,,,,,,,,,,,,,,,
1132,96.947857,Montepuez,Namanhumbir,,0,,,,,,,,,,,,,,,,,,,,,,,,
1133,191.192119,Montepuez,Namanhumbir,,0,,,,,,,,,,,,,,,,,,,,,,,,
1134,14732.83652,Montepuez,Namanhumbir,56,0,,,,,,,,,,,,,,,,,,,,,,,,
1135,268.487003,Montepuez,Namanhumbir,,0,,,,,,,,,,,,,,,,,,,,,,,,
1136,789.842896,Montepuez,Montepuez,,0,,,,,,,,,,,,,,,,,,,,,,,,
1137,592.041905,Chiure,Katapua,,0,,,,,,,,,,,,,,,,,,,,,,,,
1138,2607.20149,Namuno,Meloco,,0,,,,,,,,,,,,,,,,,,,,,,,,
1139,849.075558,Namuno,Meloco,,0,,,,,,,,,,,,,,,,,,,,,,,,
1140,1643.83848,Namuno,Meloco,,0,,,,,,,,,,,,,,,,,,,,,,,,
1141,301.370388,Namuno,Meloco,,0,,,,,,,,,,,,,,,,,,,,,,,,
1142,6963.793072,Chiure,Namogelia,,0,,,,,,,,,,,,,,,,,,,,,,,,
1143,3744.757718,Namuno,Hucula,,0,,,,,,,,,,,,,,,,,,,,,,,,
1144,1924.151871,Erati,Namiroa,,0,,,,,,,,,,,,,,,,,,,,,,,,
1145,3408.938507,Erati,Namiroa,,0,,,,,,,,,,,,,,,,,,,,,,,,
1146,1685.796201,Mecuburi,Milhana,,0,,,,,,,,,,,,,,,,,,,,,,,,
1160,4447.918164,Mueda,N'Gapa,6,0,,,,,,,,,,,,,,,,,,,,,,,,
1161,730.389171,Mueda,N'Gapa,,0,,,,,,,,,,,,,,,,,,,,,,,,
1162,3488.849244,Mueda,N'Gapa,,0,,,,,,,,,,,,,,,,,,,,,,,,
1163,2141.529414,Mueda,N'Gapa,,0,,,,,,,,,,,,,,,,,,,,,,,,
1164,1911.669771,Mueda,N'Gapa,,0,,,,,,,,,,,,,,,,,,,,,,,,
1165,1482.051813,Mueda,N'Gapa,,0,,,,,,,,,,,,,,,,,,,,,,,,
1166,447.475622,Mueda,N'Gapa,,0,,,,,,,,,,,,,,,,,,,,,,,,
1167,0,Mueda,N'Gapa,,0,,,,,,,,,,,,,,,,,,,,,,,,
1168,378.073276,Mueda,Chapa,,0,,,,,,,,,,,,,,,,,,,,,,,,
1169,54.010468,Mueda,Chapa,,0,,,,,,,,,,,,,,,,,,,,,,,,
1170,162.031404,Mueda,Chapa,,0,,,,,,,,,,,,,,,,,,,,,,,,
1171,0,Montepuez,Nairoto,,0,,,,,,,,,,,,,,,,,,,,,,,,
1172,0,Montepuez,Nairoto,,0,,,,,,,,,,,,,,,,,,,,,,,,
1173,10.895936,Montepuez,Nairoto,,0,,,,,,,,,,,,,,,,,,,,,,,,
1174,21.791872,Meluco,Meluco,,0,,,,,,,,,,,,,,,,,,,,,,,,
1175,0,Meluco,Meluco,,0,,,,,,,,,,,,,,,,,,,,,,,,
1176,0,Meluco,Meluco,,22,,,,,,,,,,,,,,,10,12,,,,,,,,
1177,1225.986385,Meluco,Meluco,,22,,,,,,,,,,,6,0,3,2,5,6,,,,,,,,
1178,0,Meluco,Meluco,,66,,,,,,,,,,,3,0,1,1,8,9,28,16,,,,,,
1179,32.033472,Meluco,Meluco,,36,,,,,,,,,,,5,0,2,2,2,3,14,8,,,,,,
1180,35.049762,Montepuez,Namanhumbir,,0,,,,,,,,,,,,,,,,,,,,,,,,
1181,13875.53587,Montepuez,Namanhumbir,28,0,,,,,,,,,,,,,,,,,,,,,,,,
1182,2205.660389,Montepuez,Namanhumbir,,0,,,,,,,,,,,,,,,,,,,,,,,,
1183,462.14212,Montepuez,Namanhumbir,,0,,,,,,,,,,,,,,,,,,,,,,,,
1184,63.758359,Montepuez,Montepuez,,0,,,,,,,,,,,,,,,,,,,,,,,,
1185,364.33348,Chiure,Katapua,,0,,,,,,,,,,,,,,,,,,,,,,,,
1186,4226.268368,Chiure,Katapua,,0,,,,,,,,,,,,,,,,,,,,,,,,
1187,364.357579,Chiure,Katapua,,0,,,,,,,,,,,,,,,,,,,,,,,,
1188,89.00583,Namuno,Meloco,,0,,,,,,,,,,,,,,,,,,,,,,,,
1189,312.875372,Namuno,Meloco,,0,,,,,,,,,,,,,,,,,,,,,,,,
1190,4659.280032,Chiure,Namogelia,,0,,,,,,,,,,,,,,,,,,,,,,,,
1191,3048.286066,Chiure,Namogelia,,0,,,,,,,,,,,,,,,,,,,,,,,,
1192,2339.04294,Erati,Namiroa,,0,,,,,,,,,,,,,,,,,,,,,,,,
1193,4162.630121,Erati,Namiroa,,0,,,,,,,,,,,,,,,,,,,,,,,,
1194,6094.506327,Erati,Namiroa,,0,,,,,,,,,,,,,,,,,,,,,,,,
1207,4141.118433,Mueda,N'Gapa,,0,,,,,,,,,,,,,,,,,,,,,,,,
1208,1971.341646,Mueda,N'Gapa,,0,,,,,,,,,,,,,,,,,,,,,,,,
1209,496.38099,Mueda,N'Gapa,,0,,,,,,,,,,,,,,,,,,,,,,,,
1210,5460.19089,Mueda,N'Gapa,8,0,,,,,,,,,,,,,,,,,,,,,,,,
1211,2585.32527,Mueda,N'Gapa,,0,,,,,,,,,,,,,,,,,,,,,,,,
1212,1958.109936,Mueda,Mueda,,0,,,,,,,,,,,,,,,,,,,,,,,,
1213,1373.603565,Mueda,Mueda,,0,,,,,,,,,,,,,,,,,,,,,,,,
1214,3398.234466,Mueda,Mueda,,0,,,,,,,,,,,,,,,,,,,,,,,,
1215,922.326494,Mueda,Chapa,,0,,,,,,,,,,,,,,,,,,,,,,,,
1216,22036.27094,Mueda,Chapa,40,0,,,,,,,,,,,,,,,,,,,,,,,,
1217,0,Mueda,Chapa,,0,,,,,,,,,,,,,,,,,,,,,,,,
1218,0,Mueda,Chapa,,0,,,,,,,,,,,,,,,,,,,,,,,,
1219,0,Meluco,Meluco,,36,,,,,,,,,,,1,1,1,0,,,21,12,,,,,,
1220,0,Meluco,Meluco,,10,,,,,,,,,,,,,,,,,7,3,,,,,,
1221,0,Meluco,Meluco,,0,,,,,,,,,,,,,,,,,,,,,,,,
1222,0,Meluco,Meluco,,0,,,,,,,,,,,,,,,,,,,,,,,,
1223,0,Meluco,Meluco,,0,,,,,,,,,,,,,,,,,,,,,,,,
1224,36.19148,Meluco,Meluco,,0,,,,,,,,,,,,,,,,,,,,,,,,
1225,95.002635,Meluco,Meluco,,30,14,16,,,,,,,,,,,,,,,,,,,,,,
1226,0,Ancuabe,Mesa,,0,,,,,,,,,,,,,,,,,,,,,,,,
1227,256.267776,Ancuabe,Mesa,,0,,,,,,,,,,,,,,,,,,,,,,,,
1228,4474.008256,Ancuabe,Mesa,,0,,,,,,,,,,,,,,,,,,,,,,,,
1229,6278.560512,Ancuabe,Mesa,,0,,,,,,,,,,,,,,,,,,,,,,,,
1230,1003.715456,Ancuabe,Mesa,,0,,,,,,,,,,,,,,,,,,,,,,,,
1231,53.38912,Ancuabe,Mesa,,29,,23,,,,,,,,,,,,,,,,,,,,,,6
1232,9.108337,Chiure,Katapua,,0,,,,,,,,,,,,,,,,,,,,,,,,
1233,1375.358887,Chiure,Katapua,,0,,,,,,,,,,,,,,,,,,,,,,,,
1234,8999.036956,Chiure,Katapua,26,0,,,,,,,,,,,,,,,,,,,,,,,,
1235,956.375385,Chiure,Katapua,,0,,,,,,,,,,,,,,,,,,,,,,,,
1236,543.390127,Chiure,Namogelia,,0,,,,,,,,,,,,,,,,,,,,,,,,
1237,6869.012106,Chiure,Namogelia,,0,,,,,,,,,,,,,,,,,,,,,,,,
1238,2723.623254,Chiure,Namogelia,,0,,,,,,,,,,,,,,,,,,,,,,,,
1239,7118.990332,Chiure,Namogelia,,0,,,,,,,,,,,,,,,,,,,,,,,,
1240,2640.332622,Erati,Namiroa,,0,,,,,,,,,,,,,,,,,,,,,,,,
1241,6350.068426,Erati,Namiroa,,0,,,,,,,,,,,,,,,,,,,,,,,,
1242,10655.64006,Erati,Namiroa,43,0,,,,,,,,,,,,,,,,,,,,,,,,
1255,1694.017288,Nangade,Nangade,,0,,,,,,,,,,,,,,,,,,,,,,,,
1256,2922.035463,Mueda,N'Gapa,,0,,,,,,,,,,,,,,,,,,,,,,,,
1257,3072.744225,Mueda,N'Gapa,,0,,,,,,,,,,,,,,,,,,,,,,,,
1258,786.748983,Nangade,Nangade,,0,,,,,,,,,,,,,,,,,,,,,,,,
1259,4420.584156,Mueda,Mueda,,0,,,,,,,,,,,,,,,,,,,,,,,,
1260,916.826898,Mueda,Mueda,,0,,,,,,,,,,,,,,,,,,,,,,,,
1261,2269.250286,Mueda,Mueda,,0,,,,,,,,,,,,,,,,,,,,,,,,
1262,18510.77656,Mueda,Mueda,32,0,,,,,,,,,,,,,,,,,,,,,,,,
1263,4377.025486,Mueda,Mueda,,0,,,,,,,,,,,,,,,,,,,,,,,,
1264,1921.128376,Mueda,Mueda,,0,,,,,,,,,,,,,,,,,,,,,,,,
1265,54.010468,Mueda,Chapa,,0,,,,,,,,,,,,,,,,,,,,,,,,
1266,0,Mueda,Chapa,,0,,,,,,,,,,,,,,,,,,,,,,,,
1267,4.523935,Meluco,Meluco,,27,7,8,,,,,2,10,,,,,,,,,,,,,,,,
1268,0,Meluco,Meluco,,34,10,12,,,,,1,5,0,6,,,,,,,,,,,,,,
1269,0,Meluco,Meluco,,73,3,5,26,26,,,2,8,0,3,,,,,,,,,,,,,,
1270,0,Meluco,Meluco,,33,,,13,13,,,1,2,0,4,,,,,,,,,,,,,,
1271,0,Meluco,Meluco,,41,,,19,20,,,,,1,1,,,,,,,,,,,,,,
1272,126.67018,Meluco,Meluco,,36,,,6,7,21,2,,,,,,,,,,,,,,,,,,
1273,4.523935,Meluco,Meluco,,12,,,,,11,1,,,,,,,,,,,,,,,,,,
1274,15.201759,Meluco,Meluco,,17,,,,,16,1,,,,,,,,,,,,,,,,,,
1275,100.06543,Ancuabe,Ancuabe,,23,,12,,,,,,,,8,,,,,,,,,,,,,,3
1276,1911.111842,Ancuabe,Mesa,,31,,17,,,,,,,,4,,,,3,,,,,,,,2,,5
1277,2847.793904,Ancuabe,Mesa,,23,8,6,,,,,,,,6,,,,1,,,,,,,,1,,1
1278,5573.824128,Ancuabe,Mesa,,30,24,,,,,,,,,2,,,,2,,,,,,,,2,,
1279,2210.309568,Ancuabe,Mesa,,34,16,,,,,,,,,,,,,1,,17,,,,,,0,,
1280,620.936403,Chiure,Katapua,,0,,,,,,,,,,,,,,,,,,,,,,,,
1281,3115.051254,Chiure,Katapua,,0,,,,,,,,,,,,,,,,,,,,,,,,
1282,1657.717334,Chiure,Katapua,,0,,,,,,,,,,,,,,,,,,,,,,,,
1283,120.832988,Chiure,Katapua,,0,,,,,,,,,,,,,,,,,,,,,,,,
1284,1487.749776,Chiure,Ocua,,0,,,,,,,,,,,,,,,,,,,,,,,,
1285,1536.755618,Chiure,Namogelia,,0,,,,,,,,,,,,,,,,,,,,,,,,
1286,2434.847688,Chiure,Namogelia,,0,,,,,,,,,,,,,,,,,,,,,,,,
1287,8433.236728,Erati,Namapa,,0,,,,,,,,,,,,,,,,,,,,,,,,
1288,2882.138847,Erati,Namapa,,0,,,,,,,,,,,,,,,,,,,,,,,,
1289,6847.12277,Erati,Namiroa,,0,,,,,,,,,,,,,,,,,,,,,,,,
1302,3680.153562,Nangade,Nangade,,0,,,,,,,,,,,,,,,,,,,,,,,,
1303,3775.240056,Nangade,Nangade,,0,,,,,,,,,,,,,,,,,,,,,,,,
1304,2192.453076,Nangade,Nangade,,0,,,,,,,,,,,,,,,,,,,,,,,,
1305,7040.470974,Nangade,Nangade,9,0,,,,,,,,,,,,,,,,,,,,,,,,
1306,4701.463548,Nangade,Nangade,5,0,,,,,,,,,,,,,,,,,,,,,,,,
1307,8263.608114,Nangade,M'Tamba,18,0,,,,,,,,,,,,,,,,,,,,,,,,
1308,133.733955,Mueda,Imbuo,,0,,,,,,,,,,,,,,,,,,,,,,,,
1309,115.394739,Mueda,Mueda,,0,,,,,,,,,,,,,,,,,,,,,,,,
1310,15781.03855,Mueda,Mueda,32,0,,,,,,,,,,,,,,,,,,,,,,,,
1311,1203.54346,Mueda,Mueda,,0,,,,,,,,,,,,,,,,,,,,,,,,
1312,246.399782,Muidumbe,Miteda,,0,,,,,,,,,,,,,,,,,,,,,,,,
1313,626.66295,Muidumbe,Miteda,,0,,,,,,,,,,,,,,,,,,,,,,,,
1314,12020.46913,Mueda,Chapa,16,0,,,,,,,,,,,,,,,,,,,,,,,,
1315,333.38743,Meluco,Meluco,,5,,,,,5,0,,,,,,,,,,,,,,,,,,
1316,0,Meluco,Meluco,,0,,,,,,,,,,,,,,,,,,,,,,,,
1317,0,Meluco,Meluco,,0,,,,,,,,,,,,,,,,,,,,,,,,
1318,0,Meluco,Meluco,,0,,,,,,,,,,,,,,,,,,,,,,,,
1319,72.38296,Meluco,Meluco,,12,,,,,,,,,,,,,,,,,,,,,,,7,5
1320,8821.67325,Meluco,Meluco,8,40,,,,,,,,,,,,,,,,,,,9,25,,,4,2
1321,144.76592,Meluco,Meluco,,26,,,,,,,,,,,,,,,,,,,4,13,,,5,4
1322,9.04787,Meluco,Meluco,,39,,,,,,,,,,,,,,,,,,,7,19,9,1,2,1
1323,836.412599,Ancuabe,Ancuabe,,30,,,,,,,,,,,,,,,,8,,22,,,,,,
1324,644.867729,Ancuabe,Ancuabe,,64,,,,,,,,,,,,,,,,13,40,11,,,,,,
1325,8568.440518,Ancuabe,Ancuabe,14,41,,,,,,,,,,,,,,,,4,20,17,,,,,,
1326,6529.004715,Ancuabe,Mesa,5,35,,,,,,,,,,,,,,,,,30,5,,,,,,
1327,2242.34304,Ancuabe,Mesa,,9,,,,,,,,,,,,,,,,,9,,,,,,,
1328,48.680659,Chiure,Katapua,,0,,,,,,,,,,,,,,,,,,,,,,,,
1329,2140.459195,Chiure,Katapua,,0,,,,,,,,,,,,,,,,,,,,,,,,
1330,1603.067312,Chiure,Katapua,,0,,,,,,,,,,,,,,,,,,,,,,,,
1331,55.240113,Chiure,Ocua,,0,,,,,,,,,,,,,,,,,,,,,,,,
1332,1614.61216,Chiure,Ocua,,0,,,,,,,,,,,,,,,,,,,,,,,,
1333,8903.432768,Chiure,Ocua,26,0,,,,,,,,,,,,,,,,,,,,,,,,
1334,8804.381822,Erati,Namapa,,0,,,,,,,,,,,,,,,,,,,,,,,,
1335,13863.82321,Erati,Namapa,64,0,,,,,,,,,,,,,,,,,,,,,,,,
1336,3944.968875,Erati,Namapa,,0,,,,,,,,,,,,,,,,,,,,,,,,
1350,3101.225757,Nangade,Nangade,,0,,,,,,,,,,,,,,,,,,,,,,,,
1351,17281.68895,Nangade,Nangade,28,0,,,,,,,,,,,,,,,,,,,,,,,,
1352,3951.351764,Nangade,Nangade,18,0,,,,,,,,,,,,,,,,,,,,,,,,
1353,2484.189924,Nangade,Nangade,,0,,,,,,,,,,,,,,,,,,,,,,,,
1354,1613.297954,Nangade,M'Tamba,,0,,,,,,,,,,,,,,,,,,,,,,,,
1355,7432.69365,Nangade,M'Tamba,14,0,,,,,,,,,,,,,,,,,,,,,,,,
1356,5079.703713,Mueda,Imbuo,8,0,,,,,,,,,,,,,,,,,,,,,,,,
1357,7320.052719,Mueda,Imbuo,16,0,,,,,,,,,,,,,,,,,,,,,,,,
1358,2704.736277,Mueda,Mueda,,0,,,,,,,,,,,,,,,,,,,,,,,,
1359,17528.62946,Muidumbe,Miteda,26,0,,,,,,,,,,,,,,,,,,,,,,,,
1360,7896.04084,Muidumbe,Miteda,7,11,3,3,5,,,,,,,,,,,,,,,,,,,,,
1361,21.09814,Muidumbe,Muidumbe,,8,1,2,3,,,,,,,,,,0,0,2,,,,,,,,,
1362,79.076986,Muidumbe,Muidumbe,,13,2,2,4,,,,0,2,0,,,,0,0,1,,,,,,,0,1,1
1363,102.54059,Meluco,Meluco,,14,,,,,,,,,,,,,,,,,,,2,6,5,1,,
1364,0,Meluco,Meluco,,8,,,,,,,,,,,,,,,,,,,,,7,1,,
1365,588.11155,Meluco,Meluco,,2,,,,,,,,,,,,,,,,,,,,,2,0,,
1366,0,Meluco,Meluco,,0,,,,,,,,,,,,,,,,,,,,,,,,
1367,27.14361,Meluco,Meluco,,0,,,,,,,,,,,,,,,,,,,,,,,,
1368,1524.566095,Meluco,Meluco,5,0,,,,,,,,,,,,,,,,,,,,,,,,
1369,796.21256,Meluco,Meluco,,0,,,,,,,,,,,,,,,,,,,,,,,,
1370,13.571805,Meluco,Meluco,,0,,,,,,,,,,,,,,,,,,,,,,,,
1371,25.539316,Ancuabe,Ancuabe,,36,,,36,,,,,,,,,,,,,,,,,,,,,
1372,1864.370068,Ancuabe,Ancuabe,,18,,,18,,,,,,,,,,,,,,,,,,,,,
1373,1938.635417,Ancuabe,Ancuabe,,27,,,27,,,,,,,,,,,,,,,,,,,,,
1374,4683.5092,Ancuabe,Metoro,,48,,,9,37,,2,,,,,,,,,,,,,,,,,,
1375,2375.502144,Ancuabe,Mesa,,33,,,,19,,1,,,,,,,,,,,,,,,13,,,
1376,139.900613,Chiure,Chiure,,0,,,,,,,,,,,,,,,,,,,,,,,,
1377,3734.182598,Chiure,Chiure,,0,,,,,,,,,,,,,,,,,,,,,,,,
1378,1386.141646,Chiure,Katapua,,0,,,,,,,,,,,,,,,,,,,,,,,,
1379,3430.571379,Chiure,Ocua,,0,,,,,,,,,,,,,,,,,,,,,,,,
1380,1337.821504,Chiure,Ocua,,0,,,,,,,,,,,,,,,,,,,,,,,,
1381,4616.154874,Chiure,Ocua,,0,,,,,,,,,,,,,,,,,,,,,,,,
1382,8829.697201,Erati,Namapa,22,0,,,,,,,,,,,,,,,,,,,,,,,,
1383,8736.129249,Erati,Namapa,,0,,,,,,,,,,,,,,,,,,,,,,,,
1384,5492.078525,Erati,Alua,,0,,,,,,,,,,,,,,,,,,,,,,,,
1398,2696.0813,Nangade,Nangade,,0,,,,,,,,,,,,,,,,,,,,,,,,
1399,1342.437846,Nangade,Nangade,,0,,,,,,,,,,,,,,,,,,,,,,,,
1400,1435.176972,Nangade,Nangade,,0,,,,,,,,,,,,,,,,,,,,,,,,
1401,562.629292,Nangade,M'Tamba,,0,,,,,,,,,,,,,,,,,,,,,,,,
1402,544.673038,Nangade,M'Tamba,,0,,,,,,,,,,,,,,,,,,,,,,,,
1403,3400.003733,Nangade,M'Tamba,,0,,,,,,,,,,,,,,,,,,,,,,,,
1404,774.828621,Mueda,Imbuo,,0,,,,,,,,,,,,,,,,,,,,,,,,
1405,2091.443634,Mueda,Imbuo,,0,,,,,,,,,,,,,,,,,,,,,,,,
1406,1559.66744,Muidumbe,Muidumbe,,7,1,1,1,,,,0,1,0,,,,0,0,2,,,,,,,0,1,0
1407,10651.54668,Muidumbe,Muidumbe,17,6,,,,,,,0,2,0,,,,1,1,0,,,,,,,0,1,1
1408,8906.4291,Muidumbe,Muidumbe,9,2,,,,,,,1,0,0,,,,,,,,,,,,,1,0,0
1409,1054.907,Muidumbe,Muidumbe,,0,,,,,,,,,,,,,,,,,,,,,,,,
1410,142.177675,Muidumbe,Muidumbe,,0,,,,,,,,,,,,,,,,,,,,,,,,
1411,0,Macomia,Macomia,,0,,,,,,,,,,,,,,,,,,,,,,,,
1412,0,Macomia,Macomia,,0,,,,,,,,,,,,,,,,,,,,,,,,
1413,0,Meluco,Meluco,,0,,,,,,,,,,,,,,,,,,,,,,,,
1414,0,Meluco,Meluco,,0,,,,,,,,,,,,,,,,,,,,,,,,
1415,583.587615,Meluco,Meluco,,0,,,,,,,,,,,,,,,,,,,,,,,,
1416,9.04787,Meluco,Meluco,,0,,,,,,,,,,,,,,,,,,,,,,,,
1417,43.635056,Meluco,Meluco,,0,,,,,,,,,,,,,,,,,,,,,,,,
1418,0,Ancuabe,Ancuabe,,49,,,,28,,2,,13,,,,,,,,,,,,,6,,,
1419,19.154487,Ancuabe,Ancuabe,,27,,,,9,,1,,7,,,,,,,,,,,,,10,,,
1420,478.862175,Ancuabe,Ancuabe,,32,,,,,,,,10,,,9,0,,,,,,,,,3,,10,
1421,8268.353555,Ancuabe,Ancuabe,7,12,,,,,,,,3,,,4,0,,,,,,,,,,,5,
1422,8691.620567,Ancuabe,Metoro,14,30,,,,,,,,,,,7,0,4,,,,,,12,,,,7,
1423,1082.700896,Ancuabe,Metoro,,13,,,,,,,,,,,2,1,2,,,,,,6,,,,2,
1424,4928.2827,Chiure,Chiure,,0,,,,,,,,,,,,,,,,,,,,,,,,
1425,25310.79394,Chiure,Chiure,52,0,,,,,,,,,,,,,,,,,,,,,,,,
1426,52974.96342,Chiure,Chiure,65,0,,,,,,,,,,,,,,,,,,,,,,,,
1427,3536.829786,Chiure,Ocua,,0,,,,,,,,,,,,,,,,,,,,,,,,
1428,8880.36688,Chiure,Ocua,13,0,,,,,,,,,,,,,,,,,,,,,,,,
1429,26288.03494,Erati,Namapa,64,0,,,,,,,,,,,,,,,,,,,,,,,,
1430,6300.34085,Erati,Namapa,,0,,,,,,,,,,,,,,,,,,,,,,,,
1431,5717.785219,Erati,Namapa,,0,,,,,,,,,,,,,,,,,,,,,,,,
1445,2139.484636,Nangade,Nangade,,0,,,,,,,,,,,,,,,,,,,,,,,,
1446,2086.933944,Nangade,Nangade,,0,,,,,,,,,,,,,,,,,,,,,,,,
1447,1465.5435,Nangade,Nangade,,0,,,,,,,,,,,,,,,,,,,,,,,,
1448,1540.99613,Nangade,Nangade,,0,,,,,,,,,,,,,,,,,,,,,,,,
1449,2609.642248,Nangade,M'Tamba,,0,,,,,,,,,,,,,,,,,,,,,,,,
1450,2837.088132,Nangade,M'Tamba,,0,,,,,,,,,,,,,,,,,,,,,,,,
1451,1804.44456,Mocimboa Da Praia,Diaca,,0,,,,,,,,,,,,,,,,,,,,,,,,
1452,1990.56663,Mocimboa Da Praia,Diaca,,0,,,,,,,,,,,,,,,,,,,,,,,,
1453,1450.243152,Mocimboa Da Praia,Diaca,,0,,,,,,,,,,,,,,,,,,,,,,,,
1454,352.094176,Muidumbe,Muidumbe,,0,,,,,,,,,,,,,,,,,,,,,,,,
1455,6911.14786,Muidumbe,Muidumbe,,0,,,,,,,,,,,,,,,,,,,,,,,,
1456,187.19442,Muidumbe,Muidumbe,,0,,,,,,,,,,,,,,,,,,,,,,,,
1457,451.38132,Muidumbe,Muidumbe,,0,,,,,,,,,,,,,,,,,,,,,,,,
1458,254.26057,Macomia,Chai,,0,,,,,,,,,,,,,,,,,,,,,,,,
1459,11.67219,Macomia,Macomia,,0,,,,,,,,,,,,,,,,,,,,,,,,
1460,0,Macomia,Macomia,,0,,,,,,,,,,,,,,,,,,,,,,,,
1461,0,Macomia,Macomia,,0,,,,,,,,,,,,,,,,,,,,,,,,
1462,0,Meluco,Muaguide,,0,,,,,,,,,,,,,,,,,,,,,,,,
1463,1697.31216,Meluco,Muaguide,3,0,,,,,,,,,,,,,,,,,,,,,,,,
1464,0,Meluco,Muaguide,,0,,,,,,,,,,,,,,,,,,,,,,,,
1465,0,Ancuabe,Ancuabe,,62,,,,,,,,,,,,,3,,14,,,,9,36,,,,
1466,31.924145,Ancuabe,Ancuabe,,62,,,,,30,,3,,1,,,,0,,7,,,,3,18,,,,
1467,12.769658,Ancuabe,Ancuabe,,55,,,,,15,,2,,0,,,,,,11,,,,,27,,,,
1468,2937.02134,Ancuabe,Ancuabe,,37,,,,,23,,2,,1,,,,,,3,,,,,8,,,,
1469,12552.57381,Ancuabe,Ancuabe,35,8,,,,,7,,1,,0,,,,,,,,,,,,,,,
1470,10065.00388,Ancuabe,Metoro,28,0,,,,,,,,,,,,,,,,,,,,,,,,
1471,4780.137136,Ancuabe,Metoro,,0,,,,,,,,,,,,,,,,,,,,,,,,
1472,9188.301204,Chiure,Chiure,52,0,,,,,,,,,,,,,,,,,,,,,,,,
1473,3341.44183,Chiure,Chiure Velho,,0,,,,,,,,,,,,,,,,,,,,,,,,
1474,7433.081798,Chiure,Chiure Velho,13,0,,,,,,,,,,,,,,,,,,,,,,,,
1475,4581.18453,Chiure,Ocua,,0,,,,,,,,,,,,,,,,,,,,,,,,
1476,7427.215936,Chiure,Ocua,11,0,,,,,,,,,,,,,,,,,,,,,,,,
1477,8345.029864,Erati,Namapa,,0,,,,,,,,,,,,,,,,,,,,,,,,
1478,8500.850142,Erati,Namapa,,0,,,,,,,,,,,,,,,,,,,,,,,,
1479,8205.217075,Erati,Alua,,0,,,,,,,,,,,,,,,,,,,,,,,,
1493,154.631083,Nangade,Nangade,,0,,,,,,,,,,,,,,,,,,,,,,,,
1494,147.716932,Nangade,Nangade,,0,,,,,,,,,,,,,,,,,,,,,,,,
1495,0,Nangade,Nangade,,0,,,,,,,,,,,,,,,,,,,,,,,,
1496,23.818428,Nangade,Nangade,,0,,,,,,,,,,,,,,,,,,,,,,,,
1497,0,Nangade,M'Tamba,,0,,,,,,,,,,,,,,,,,,,,,,,,
1498,6.27939,Nangade,M'Tamba,,0,,,,,,,,,,,,,,,,,,,,,,,,
1499,2853.982755,Mocimboa Da Praia,Diaca,,0,,,,,,,,,,,,,,,,,,,,,,,,
1500,853.99704,Mocimboa Da Praia,Diaca,,0,,,,,,,,,,,,,,,,,,,,,,,,
1501,2106.735345,Mocimboa Da Praia,Diaca,,0,,,,,,,,,,,,,,,,,,,,,,,,
1502,4663.135525,Muidumbe,Chitunda,,0,,,,,,,,,,,,,,,,,,,,,,,,
1503,1015.72474,Muidumbe,Muidumbe,,11,,,,,,,,,,,,,,,,2,6,3,,,,,,
1504,2533.51838,Muidumbe,Chitunda,,26,,,,5,4,0,,,,1,1,0,,,,1,3,2,2,5,2,,,
1505,2393.69259,Muidumbe,Chitunda,,20,,,,3,2,0,,,,1,1,0,,,,2,4,2,1,3,1,,,
1506,40.96536,Macomia,Chai,,43,11,,,,,,,,,,,,,,,10,22,,,,,,,
1507,1670.94908,Macomia,Chai,,22,6,,,,,,,,,,,,,,,5,11,,,,,,,
1508,811.217205,Macomia,Macomia,,72,8,13,,,,,,,,,,,,,,7,17,,,20,7,,,
1509,1045.444575,Meluco,Muaguide,,0,,,,,,,,,,,,,,,,,,,,,,,,
1510,0,Meluco,Muaguide,,0,,,,,,,,,,,,,,,,,,,,,,,,
1511,502.5153,Meluco,Muaguide,,0,,,,,,,,,,,,,,,,,,,,,,,,
1512,0,Meluco,Muaguide,,0,,,,,,,,,,,,,,,,,,,,,,,,
1513,358.9395,Meluco,Muaguide,,0,,,,,,,,,,,,,,,,,,,,,,,,
1514,146.851067,Ancuabe,Ancuabe,,0,,,,,,,,,,,,,,,,,,,,,,,,
1515,510.78632,Ancuabe,Ancuabe,,0,,,,,,,,,,,,,,,,,,,,,,,,
1516,2164.457031,Ancuabe,Ancuabe,,0,,,,,,,,,,,,,,,,,,,,,,,,
1517,1539.405601,Ancuabe,Ancuabe,,0,,,,,,,,,,,,,,,,,,,,,,,,
1518,4922.953184,Ancuabe,Metoro,,0,,,,,,,,,,,,,,,,,,,,,,,,
1519,1075.320832,Ancuabe,Metoro,,0,,,,,,,,,,,,,,,,,,,,,,,,
1520,1116.28312,Ancuabe,Metoro,,0,,,,,,,,,,,,,,,,,,,,,,,,
1521,3227.693046,Chiure,Chiure Velho,,0,,,,,,,,,,,,,,,,,,,,,,,,
1522,6605.19463,Chiure,Chiure Velho,,0,,,,,,,,,,,,,,,,,,,,,,,,
1523,6616.288904,Chiure,Chiure Velho,,0,,,,,,,,,,,,,,,,,,,,,,,,
1524,7075.33111,Erati,Namapa,,0,,,,,,,,,,,,,,,,,,,,,,,,
1525,7784.762621,Erati,Namapa,,0,,,,,,,,,,,,,,,,,,,,,,,,
1526,6733.681367,Erati,Namapa,,0,,,,,,,,,,,,,,,,,,,,,,,,
1540,1226.751628,Palma,Pundanhar,,0,,,,,,,,,,,,,,,,,,,,,,,,
1541,3310.202158,Palma,Pundanhar,14,0,,,,,,,,,,,,,,,,,,,,,,,,
1542,47.000842,Palma,Pundanhar,,0,,,,,,,,,,,,,,,,,,,,,,,,
1543,25.948256,Palma,Pundanhar,,0,,,,,,,,,,,,,,,,,,,,,,,,
1544,12.974128,Mocimboa Da Praia,Mocimboa Da Praia,,0,,,,,,,,,,,,,,,,,,,,,,,,
1545,6.487064,Mocimboa Da Praia,Mocimboa Da Praia,,0,,,,,,,,,,,,,,,,,,,,,,,,
1546,6.487064,Mocimboa Da Praia,Mocimboa Da Praia,,0,,,,,,,,,,,,,,,,,,,,,,,,
1547,47.926121,Mocimboa Da Praia,Diaca,,0,,,,,,,,,,,,,,,,,,,,,,,,
1548,8944.991055,Mocimboa Da Praia,Diaca,24,0,,,,,,,,,,,,,,,,,,,,,,,,
1549,1902.65517,Mocimboa Da Praia,Diaca,,0,,,,,,,,,,,,,,,,,,,,,,,,
1550,263.55686,Mocimboa Da Praia,Diaca,,0,,,,,,,,,,,,,,,,,,,,,,,,
1551,2865.696035,Muidumbe,Chitunda,,19,,,,4,3,0,,,,1,1,0,,,,1,1,1,1,4,2,,,
1552,15898.58257,Muidumbe,Chitunda,26,5,,,,1,2,1,,,,0,0,0,,,,,,,0,1,0,,,
1553,2389.646,Macomia,Chai,,31,3,7,,,,,,,,,,,,,,2,5,,,10,4,,,
1554,139.96498,Macomia,Chai,,51,,10,21,,,,,,,,,,,,,,,,,15,5,,,
1555,1659.02871,Macomia,Macomia,,21,,3,10,,,,,,,,,,,,,,,,,6,2,,,
1556,105.04971,Macomia,Macomia,,16,,,16,,,,,,,,,,,,,,,,,,,,,
1557,502.92778,Macomia,Macomia,,5,,,5,,,,,,,,,,,,,,,,,,,,,
1558,813.5962,Meluco,Muaguide,,0,,,,,,,,,,,,,,,,,,,,,,,,
1559,1974.16725,Meluco,Muaguide,4,0,,,,,,,,,,,,,,,,,,,,,,,,
1560,2500.61185,Meluco,Muaguide,5,0,,,,,,,,,,,,,,,,,,,,,,,,
1561,1704.346839,Ancuabe,Ancuabe,,0,,,,,,,,,,,,,,,,,,,,,,,,
1562,1114.682154,Quissanga,Bilibiza,,0,,,,,,,,,,,,,,,,,,,,,,,,
1563,32.983132,Quissanga,Bilibiza,,0,,,,,,,,,,,,,,,,,,,,,,,,
1564,1063.184463,Metuge,Metuge,,0,,,,,,,,,,,,,,,,,,,,,,,,
1565,65.191437,Ancuabe,Metoro,,0,,,,,,,,,,,,,,,,,,,,,,,,
1566,554.462304,Ancuabe,Metoro,,0,,,,,,,,,,,,,,,,,,,,,,,,
1567,9442.661056,Ancuabe,Metoro,28,0,,,,,,,,,,,,,,,,,,,,,,,,
1568,1276.943488,Ancuabe,Metoro,,0,,,,,,,,,,,,,,,,,,,,,,,,
1569,2409.28906,Chiure,Chiure Velho,,0,,,,,,,,,,,,,,,,,,,,,,,,
1570,5144.569382,Chiure,Chiure Velho,,0,,,,,,,,,,,,,,,,,,,,,,,,
1571,6016.247386,Erati,Namapa,,0,,,,,,,,,,,,,,,,,,,,,,,,
1572,8869.650582,Erati,Namapa,21,0,,,,,,,,,,,,,,,,,,,,,,,,
1573,2360.322816,Erati,Namapa,,0,,,,,,,,,,,,,,,,,,,,,,,,
1587,4514.196054,Palma,Pundanhar,7,0,,,,,,,,,,,,,,,,,,,,,,,,
1588,53.715248,Palma,Pundanhar,,0,,,,,,,,,,,,,,,,,,,,,,,,
1589,593.639906,Palma,Pundanhar,,0,,,,,,,,,,,,,,,,,,,,,,,,
1590,0,Palma,Pundanhar,,0,,,,,,,,,,,,,,,,,,,,,,,,
1591,0,Palma,Pundanhar,,0,,,,,,,,,,,,,,,,,,,,,,,,
1592,220.560176,Mocimboa Da Praia,Mocimboa Da Praia,,0,,,,,,,,,,,,,,,,,,,,,,,,
1593,382.736776,Mocimboa Da Praia,Mocimboa Da Praia,,0,,,,,,,,,,,,,,,,,,,,,,,,
1594,1206.593904,Mocimboa Da Praia,Mocimboa Da Praia,,0,,,,,,,,,,,,,,,,,,,,,,,,
1595,4203.617472,Mocimboa Da Praia,Mocimboa Da Praia,6,0,,,,,,,,,,,,,,,,,,,,,,,,
1596,662.59291,Mocimboa Da Praia,Mocimboa Da Praia,,0,,,,,,,,,,,,,,,,,,,,,,,,
1597,239.411145,Mocimboa Da Praia,Mbau,,0,,,,,,,,,,,,,,,,,,,,,,,,
1598,4343.152235,Mocimboa Da Praia,Mbau,6,0,,,,,,,,,,,,,,,,,,,,,,,,
1599,1317.13731,Muidumbe,Chitunda,,0,,,,,,,,,,,,,,,,,,,,,,,,
1600,2556.0428,Macomia,Chai,,0,,,,,,,,,,,,,,,,,,,,,,,,
1601,8148.69286,Macomia,Chai,14,0,,,,,,,,,,,,,,,,,,,,,,,,
1602,180.93034,Macomia,Chai,,12,,,,,,,,,,,,0,2,2,8,,,,,,,,,
1603,2662.7484,Macomia,Chai,,6,,,,,,,,,,,,0,1,1,4,,,,,,,,,
1604,20407.50606,Macomia,Macomia,19,16,,,,,,,,,,,,0,2,1,6,,,,,,,1,6,
1605,24173.10549,Macomia,Macomia,29,16,,,,,,,,,,4,5,1,0,0,2,,,,,,,1,3,
1606,1650.461455,Meluco,Muaguide,1,0,,,,,,,,,,,,,,,,,,,,,,,,
1607,616.179475,Meluco,Muaguide,,0,,,,,,,,,,,,,,,,,,,,,,,,
1608,591.679337,Meluco,Muaguide,,0,,,,,,,,,,,,,,,,,,,,,,,,
1609,1878.17757,Quissanga,Bilibiza,,0,,,,,,,,,,,,,,,,,,,,,,,,
1610,82.45783,Quissanga,Bilibiza,,0,,,,,,,,,,,,,,,,,,,,,,,,
1611,10.174014,Metuge,Metuge,,0,,,,,,,,,,,,,,,,,,,,,,,,
1612,71.218098,Metuge,Metuge,,0,,,,,,,,,,,,,,,,,,,,,,,,
1613,0,Ancuabe,Metoro,,0,,,,,,,,,,,,,,,,,,,,,,,,
1614,1285.344432,Ancuabe,Metoro,,0,,,,,,,,,,,,,,,,,,,,,,,,
1615,7770.756554,Ancuabe,Metoro,7,0,,,,,,,,,,,,,,,,,,,,,,,,
1616,1539.194024,Ancuabe,Metoro,,0,,,,,,,,,,,,,,,,,,,,,,,,
1617,1824.665556,Chiure,Mazeze,,0,,,,,,,,,,,,,,,,,,,,,,,,
1618,1359.688172,Chiure,Mazeze,,0,,,,,,,,,,,,,,,,,,,,,,,,
1619,1389.912281,Erati,Namapa,,0,,,,,,,,,,,,,,,,,,,,,,,,
1620,1429.101705,Erati,Namapa,,0,,,,,,,,,,,,,,,,,,,,,,,,
1621,765.260913,Erati,Namapa,,0,,,,,,,,,,,,,,,,,,,,,,,,
1634,3696.098511,Palma,Quionga,3,0,,,,,,,,,,,,,,,,,,,,,,,,
1635,563.893964,Palma,Quionga,,0,,,,,,,,,,,,,,,,,,,,,,,,
1636,103.646894,Palma,Palma,,0,,,,,,,,,,,,,,,,,,,,,,,,
1637,15.945676,Palma,Palma,,0,,,,,,,,,,,,,,,,,,,,,,,,
1638,9.486584,Palma,Olumbi,,0,,,,,,,,,,,,,,,,,,,,,,,,
1639,41.0875,Palma,Olumbi,,0,,,,,,,,,,,,,,,,,,,,,,,,
1640,45.409448,Palma,Pundanhar,,0,,,,,,,,,,,,,,,,,,,,,,,,
1641,3081.3554,Mocimboa Da Praia,Mocimboa Da Praia,,0,,,,,,,,,,,,,,,,,,,,,,,,
1642,635.732272,Mocimboa Da Praia,Mocimboa Da Praia,,0,,,,,,,,,,,,,,,,,,,,,,,,
1643,5170.190008,Mocimboa Da Praia,Mocimboa Da Praia,12,0,,,,,,,,,,,,,,,,,,,,,,,,
1644,2699.45244,Mocimboa Da Praia,Mocimboa Da Praia,,0,,,,,,,,,,,,,,,,,,,,,,,,
1645,22.6493,Mocimboa Da Praia,Mbau,,0,,,,,,,,,,,,,,,,,,,,,,,,
1646,212.90342,Mocimboa Da Praia,Mbau,,0,,,,,,,,,,,,,,,,,,,,,,,,
1647,1789.693288,Mocimboa Da Praia,Mbau,,0,,,,,,,,,,,,,,,,,,,,,,,,
1648,44.37914,Macomia,Quiterajo,,9,,,,,,,,,,2,2,,,,,,,,,,,1,4,
1649,4.631392,Macomia,Chai,,8,,,,,,,,,,3,4,,,,,,,,,,,0,1,
1650,0,Macomia,Chai,,3,,,,,,,,,,2,1,,,,,,,,,,,,,
1651,81.70533,Macomia,Macomia,,0,,,,,,,,,,,,,,,,,,,,,,,,
1652,391.018365,Macomia,Macomia,,0,,,,,,,,,,,,,,,,,,,,,,,,
1653,252.699795,Macomia,Macomia,,0,,,,,,,,,,,,,,,,,,,,,,,,
1654,938.29212,Quissanga,Quissanga,,0,,,,,,,,,,,,,,,,,,,,,,,,
1655,8.752725,Quissanga,Bilibiza,,0,,,,,,,,,,,,,,,,,,,,,,,,
1656,9523.879365,Quissanga,Bilibiza,13,0,,,,,,,,,,,,,,,,,,,,,,,,
1657,1071.95179,Quissanga,Bilibiza,,0,,,,,,,,,,,,,,,,,,,,,,,,
1658,98.949396,Quissanga,Mahate,,0,,,,,,,,,,,,,,,,,,,,,,,,
1659,0,Metuge,Metuge,,0,,,,,,,,,,,,,,,,,,,,,,,,
1660,15.261021,Metuge,Metuge,,0,,,,,,,,,,,,,,,,,,,,,,,,
1661,1383.665904,Metuge,Metuge,,0,,,,,,,,,,,,,,,,,,,,,,,,
1662,2585.442705,Metuge,Metuge,20,0,,,,,,,,,,,,,,,,,,,,,,,,
1663,5406.126081,Mecufi,Murrebue,6,0,,,,,,,,,,,,,,,,,,,,,,,,
1664,3161.220828,Mecufi,Murrebue,,0,,,,,,,,,,,,,,,,,,,,,,,,
1665,1527.424004,Chiure,Mazeze,,0,,,,,,,,,,,,,,,,,,,,,,,,
1666,5381.996724,Chiure,Mazeze,,0,,,,,,,,,,,,,,,,,,,,,,,,
1667,2816.982311,Erati,Namapa,,0,,,,,,,,,,,,,,,,,,,,,,,,
1668,316.553711,Erati,Namapa,,0,,,,,,,,,,,,,,,,,,,,,,,,
1669,2281.783576,Memba,Chipene,4,0,,,,,,,,,,,,,,,,,,,,,,,,
1682,733.458285,Palma,Quionga,,0,,,,,,,,,,,,,,,,,,,,,,,,
1683,251.144397,Palma,Palma,,0,,,,,,,,,,,,,,,,,,,,,,,,
1684,673.704811,Palma,Palma,,0,,,,,,,,,,,,,,,,,,,,,,,,
1685,918.085376,Palma,Palma,,0,,,,,,,,,,,,,,,,,,,,,,,,
1686,2262.550284,Palma,Olumbi,,0,,,,,,,,,,,,,,,,,,,,,,,,
1687,341.517024,Palma,Olumbi,,0,,,,,,,,,,,,,,,,,,,,,,,,
1688,1985.475644,Palma,Olumbi,,0,,,,,,,,,,,,,,,,,,,,,,,,
1689,2757.0022,Mocimboa Da Praia,Mocimboa Da Praia,,0,,,,,,,,,,,,,,,,,,,,,,,,
1690,23042.05133,Mocimboa Da Praia,Mocimboa Da Praia,24,0,,,,,,,,,,,,,,,,,,,,,,,,
1691,32312.06578,Mocimboa Da Praia,Mocimboa Da Praia,30,0,,,,,,,,,,,,,,,,,,,,,,,,
1692,3025.789328,Mocimboa Da Praia,Mocimboa Da Praia,,0,,,,,,,,,,,,,,,,,,,,,,,,
1693,185.72426,Mocimboa Da Praia,Mbau,,0,,,,,,,,,,,,,,,,,,,,,,,,
1694,3926.904712,Mocimboa Da Praia,Mbau,6,0,,,,,,,,,,,,,,,,,,,,,,,,
1695,1416.698292,Macomia,Quiterajo,,0,,,,,,,,,,,,,,,,,,,,,,,,
1696,0,Macomia,Quiterajo,,24,,,,21,,1,2,,,,,,,,,,,,,,,,,
1697,87.996448,Macomia,Quiterajo,,33,,,,11,,1,1,,,,,,,,,,,13,7,,,,,
1698,2.837838,Macomia,Mucojo,,45,,,,16,17,1,2,,,,,,,,,,,6,3,,,,,
1699,185.820714,Macomia,Mucojo,,41,,,,5,9,0,0,8,0,,,,,,,,,10,5,,,,,4
1700,40.371408,Macomia,Mucojo,,24,,,,,13,,,4,0,,,,,,,,,3,2,,,,,2
1701,58.561686,Macomia,Mucojo,,13,,,,,4,,,6,0,,,,,,,,,,,,,,,3
1702,999.561195,Quissanga,Quissanga,,0,,,,,,,,,,,,,,,,,,,,,,,,
1703,7.00218,Quissanga,Quissanga,,0,,,,,,,,,,,,,,,,,,,,,,,,
1704,2951.092562,Quissanga,Bilibiza,5,0,,,,,,,,,,,,,,,,,,,,,,,,
1705,0,Quissanga,Mahate,,0,,,,,,,,,,,,,,,,,,,,,,,,
1706,51.436217,Quissanga,Mahate,,0,,,,,,,,,,,,,,,,,,,,,,,,
1707,30.522042,Metuge,Metuge,,0,,,,,,,,,,,,,,,,,,,,,,,,
1708,2065.324842,Metuge,Metuge,,0,,,,,,,,,,,,,,,,,,,,,,,,
1709,12127.42469,Metuge,Metuge,15,0,,,,,,,,,,,,,,,,,,,,,,,,
1710,9191.389322,Metuge,Metuge,10,0,,,,,,,,,,,,,,,,,,,,,,,,
1711,839.03799,Mecufi,Murrebue,,0,,,,,,,,,,,,,,,,,,,,,,,,
1712,315.943428,Mecufi,Mecufi,,0,,,,,,,,,,,,,,,,,,,,,,,,
1713,2728.347584,Mecufi,Mecufi,,0,,,,,,,,,,,,,,,,,,,,,,,,
1714,454.888612,Chiure,Mazeze,,0,,,,,,,,,,,,,,,,,,,,,,,,
1715,313.319381,Memba,Lurio,,0,,,,,,,,,,,,,,,,,,,,,,,,
1716,715.406196,Memba,Lurio,,0,,,,,,,,,,,,,,,,,,,,,,,,
1717,3104.492881,Memba,Chipene,6,0,,,,,,,,,,,,,,,,,,,,,,,,
1729,1229.449814,Palma,Quionga,,0,,,,,,,,,,,,,,,,,,,,,,,,
1730,269.941107,Palma,Quionga,,0,,,,,,,,,,,,,,,,,,,,,,,,
1731,247.746832,Palma,Palma,,0,,,,,,,,,,,,,,,,,,,,,,,,
1732,10097.59933,Palma,Palma,14,0,,,,,,,,,,,,,,,,,,,,,,,,
1733,721.339785,Palma,Palma,,0,,,,,,,,,,,,,,,,,,,,,,,,
1734,910.712064,Palma,Olumbi,,0,,,,,,,,,,,,,,,,,,,,,,,,
1735,901.22548,Palma,Olumbi,,0,,,,,,,,,,,,,,,,,,,,,,,,
1736,673.547464,Palma,Olumbi,,0,,,,,,,,,,,,,,,,,,,,,,,,
1737,1102.735308,Palma,Olumbi,,0,,,,,,,,,,,,,,,,,,,,,,,,
1738,5520.491464,Mocimboa Da Praia,Mocimboa Da Praia,12,0,,,,,,,,,,,,,,,,,,,,,,,,
1739,454.09448,Mocimboa Da Praia,Mocimboa Da Praia,,0,,,,,,,,,,,,,,,,,,,,,,,,
1740,505.5476,Mocimboa Da Praia,Mocimboa Da Praia,,0,,,,,,,,,,,,,,,,,,,,,,,,
1741,774.60606,Mocimboa Da Praia,Mbau,,0,,,,,,,,,,,,,,,,,,,,,,,,
1742,337.888552,Mocimboa Da Praia,Mbau,,0,,,,,,,,,,,,,,,,,,,,,,,,
1743,3742.164736,Macomia,Quiterajo,5,2,,,,,,,,1,1,,,,,,,,,,,,,,,0
1744,1602.461632,Macomia,Quiterajo,,0,,,,,,,,,,,,,,,,,,,,,,,,
1745,1709.582002,Macomia,Mucojo,,0,,,,,,,,,,,,,,,,,,,,,,,,
1746,2057.43255,Macomia,Mucojo,,0,,,,,,,,,,,,,,,,,,,,,,,,
1747,2800.946106,Macomia,Mucojo,,0,,,,,,,,,,,,,,,,,,,,,,,,
1748,90.810816,Macomia,Mucojo,,0,,,,,,,,,,,,,,,,,,,,,,,,
1749,0,Macomia,Mucojo,,0,,,,,,,,,,,,,,,,,,,,,,,,
1750,56.01744,Quissanga,Quissanga,,0,,,,,,,,,,,,,,,,,,,,,,,,
1751,237.339838,Quissanga,Quissanga,,0,,,,,,,,,,,,,,,,,,,,,,,,
1752,9765.533199,Quissanga,Mahate,13,0,,,,,,,,,,,,,,,,,,,,,,,,
1753,1366.733766,Quissanga,Mahate,,0,,,,,,,,,,,,,,,,,,,,,,,,
1754,4173.681608,Quissanga,Mahate,9,0,,,,,,,,,,,,,,,,,,,,,,,,
1755,978.966368,Metuge,Metuge,,0,,,,,,,,,,,,,,,,,,,,,,,,
1756,2772.418815,Metuge,Metuge,5,0,,,,,,,,,,,,,,,,,,,,,,,,
1757,17811.20406,Metuge,Metuge,20,0,,,,,,,,,,,,,,,,,,,,,,,,
1758,49060.40554,Metuge,Mieze,30,0,,,,,,,,,,,,,,,,,,,,,,,,
1759,8495.244294,Mecufi,Murrebue,12,0,,,,,,,,,,,,,,,,,,,,,,,,
1760,711.368772,Mecufi,Mecufi,,0,,,,,,,,,,,,,,,,,,,,,,,,
1761,163.482116,Mecufi,Mecufi,,0,,,,,,,,,,,,,,,,,,,,,,,,
1762,4610.997169,Chiure,Mazeze,,0,,,,,,,,,,,,,,,,,,,,,,,,
1763,1125.767102,Memba,Lurio,,0,,,,,,,,,,,,,,,,,,,,,,,,
1764,1633.022682,Memba,Lurio,2,0,,,,,,,,,,,,,,,,,,,,,,,,
1765,6442.958743,Memba,Lurio,6,0,,,,,,,,,,,,,,,,,,,,,,,,
1777,274.51638,Palma,Quionga,,0,,,,,,,,,,,,,,,,,,,,,,,,
1778,2983.077996,Palma,Quionga,,0,,,,,,,,,,,,,,,,,,,,,,,,
1779,327.475212,Palma,Palma,,0,,,,,,,,,,,,,,,,,,,,,,,,
1780,10540.09184,Palma,Palma,21,0,,,,,,,,,,,,,,,,,,,,,,,,
1781,8582.044623,Palma,Palma,10,0,,,,,,,,,,,,,,,,,,,,,,,,
1782,2395.36246,Palma,Olumbi,,0,,,,,,,,,,,,,,,,,,,,,,,,
1783,805.760114,Palma,Olumbi,,0,,,,,,,,,,,,,,,,,,,,,,,,
1784,569.19504,Palma,Olumbi,,0,,,,,,,,,,,,,,,,,,,,,,,,
1785,488.559076,Palma,Olumbi,,0,,,,,,,,,,,,,,,,,,,,,,,,
1792,889.227264,Macomia,Quiterajo,,0,,,,,,,,,,,,,,,,,,,,,,,,
1793,465.405432,Macomia,Mucojo,,0,,,,,,,,,,,,,,,,,,,,,,,,
1794,3297.567756,Macomia,Mucojo,19,0,,,,,,,,,,,,,,,,,,,,,,,,
1795,4401.486738,Macomia,Mucojo,10,0,,,,,,,,,,,,,,,,,,,,,,,,
1796,2378.108244,Macomia,Mucojo,,0,,,,,,,,,,,,,,,,,,,,,,,,
1797,593.108142,Macomia,Mucojo,,0,,,,,,,,,,,,,,,,,,,,,,,,
1798,650.637243,Macomia,Mucojo,,0,,,,,,,,,,,,,,,,,,,,,,,,
1799,1765.565623,Quissanga,Quissanga,,0,,,,,,,,,,,,,,,,,,,,,,,,
1800,1028.72434,Quissanga,Mahate,,0,,,,,,,,,,,,,,,,,,,,,,,,
1801,845.023565,Quissanga,Mahate,,0,,,,,,,,,,,,,,,,,,,,,,,,
1802,316.52554,Quissanga,Mahate,,0,,,,,,,,,,,,,,,,,,,,,,,,
1803,325.568448,Metuge,Metuge,,0,,,,,,,,,,,,,,,,,,,,,,,,
1804,1103.880519,Metuge,Metuge,,0,,,,,,,,,,,,,,,,,,,,,,,,
1805,177114.4058,Cidade De Pemba,Cidade De Pemba,133,0,,,,,,,,,,,,,,,,,,,,,,,,
1806,25438.75485,Cidade De Pemba,Cidade De Pemba,27,0,,,,,,,,,,,,,,,,,,,,,,,,
1807,4482.05898,Mecufi,Murrebue,7,0,,,,,,,,,,,,,,,,,,,,,,,,
1808,3723.845382,Mecufi,Mecufi,,0,,,,,,,,,,,,,,,,,,,,,,,,
1809,15846.99899,Mecufi,Mecufi,18,0,,,,,,,,,,,,,,,,,,,,,,,,
1810,12486.72618,Mecufi,Mecufi,18,0,,,,,,,,,,,,,,,,,,,,,,,,
1811,2578.263771,Chiure,Mazeze,,0,,,,,,,,,,,,,,,,,,,,,,,,
1812,1634.416843,Memba,Lurio,2,0,,,,,,,,,,,,,,,,,,,,,,,,
1813,1519.143111,Memba,Lurio,,0,,,,,,,,,,,,,,,,,,,,,,,,
1826,2100.050307,Palma,Quionga,,0,,,,,,,,,,,,,,,,,,,,,,,,
1827,623.55469,Palma,Quionga,,0,,,,,,,,,,,,,,,,,,,,,,,,
1829,2209.232999,Palma,Palma,,0,,,,,,,,,,,,,,,,,,,,,,,,
1844,1311.081156,Ibo,Ibo,2,0,,,,,,,,,,,,,,,,,,,,,,,,
1845,400.135158,Ibo,Ibo,1,0,,,,,,,,,,,,,,,,,,,,,,,,
1846,12809.25288,Ibo,Ibo,8,0,,,,,,,,,,,,,,,,,,,,,,,,
1847,1436.224591,Ibo,Quirimba,5,0,,,,,,,,,,,,,,,,,,,,,,,,
1848,962.592061,Quissanga,Mahate,,0,,,,,,,,,,,,,,,,,,,,,,,,
1849,3945.892647,Quissanga,Mahate,4,0,,,,,,,,,,,,,,,,,,,,,,,,
1850,210.828311,Metuge,Metuge,,0,,,,,,,,,,,,,,,,,,,,,,,,
1851,1108.967526,Metuge,Metuge,,0,,,,,,,,,,,,,,,,,,,,,,,,
1853,57734.04776,Cidade De Pemba,Cidade De Pemba,80,0,,,,,,,,,,,,,,,,,,,,,,,,
1854,5007.052106,Cidade De Pemba,Cidade De Pemba,25,0,,,,,,,,,,,,,,,,,,,,,,,,
1856,1260.113148,Mecufi,Mecufi,,0,,,,,,,,,,,,,,,,,,,,,,,,
1857,2662.612572,Mecufi,Mecufi,,0,,,,,,,,,,,,,,,,,,,,,,,,
