name,from,from_adm2,from_adm1,from_adm0,to,to_adm2,to_adm1,to_adm0,to_adm2_w_space,weight,male_under18,male_18to60,male_over60,female_under18,female_18to60,female_over60,
Ancuabe-Ancuabe,Ancuabe,Ancuabe,adm1,MOZ,Ancuabe_,Ancuabe,adm1,MOZ,Ancuabe_,48,7.2,9.6,7.2,7.2,9.6,7.2,
Ancuabe-Balama,Ancuabe,Ancuabe,adm2,MOZ,Balama_,Balama,adm2,MOZ,Balama_,58,8.7,11.6,8.7,8.7,11.6,8.7,
Ancuabe-Chiure,Ancuabe,Ancuabe,adm3,MOZ,Chiure_,Chiure,adm3,MOZ,Chiure_,90,13.5,18,13.5,13.5,18,13.5,
Ancuabe-Cidade De Pemba,Ancuabe,Ancuabe,adm4,MOZ,Cidade_De_Pemba_,Cidade De Pemba,adm4,MOZ,Cidade_De_Pemba_,93,13.95,18.6,13.95,13.95,18.6,13.95,
Ancuabe-Erati,Ancuabe,Ancuabe,adm5,MOZ,Erati_,Erati,adm5,MOZ,Erati_,75,11.25,15,11.25,11.25,15,11.25,
Ancuabe-Ibo,Ancuabe,Ancuabe,adm6,MOZ,Ibo_,Ibo,adm6,MOZ,Ibo_,6,0.9,1.2,0.9,0.9,1.2,0.9,
Ancuabe-Lalaua,Ancuabe,Ancuabe,adm7,MOZ,Lalaua_,Lalaua,adm7,MOZ,Lalaua_,8,1.2,1.6,1.2,1.2,1.6,1.2,
Ancuabe-Macomia,Ancuabe,Ancuabe,adm8,MOZ,Macomia_,Macomia,adm8,MOZ,Macomia_,33,4.95,6.6,4.95,4.95,6.6,4.95,
Ancuabe-Marrupa,Ancuabe,Ancuabe,adm9,MOZ,Marrupa_,Marrupa,adm9,MOZ,Marrupa_,2,0.3,0.4,0.3,0.3,0.4,0.3,
Ancuabe-Mecuburi,Ancuabe,Ancuabe,adm10,MOZ,Mecuburi_,Mecuburi,adm10,MOZ,Mecuburi_,20,3,4,3,3,4,3,
Ancuabe-Mecufi,Ancuabe,Ancuabe,adm11,MOZ,Mecufi_,Mecufi,adm11,MOZ,Mecufi_,22,3.3,4.4,3.3,3.3,4.4,3.3,
Ancuabe-Mecula,Ancuabe,Ancuabe,adm12,MOZ,Mecula_,Mecula,adm12,MOZ,Mecula_,1,0.15,0.2,0.15,0.15,0.2,0.15,
Ancuabe-Meluco,Ancuabe,Ancuabe,adm13,MOZ,Meluco_,Meluco,adm13,MOZ,Meluco_,9,1.35,1.8,1.35,1.35,1.8,1.35,
Ancuabe-Memba,Ancuabe,Ancuabe,adm14,MOZ,Memba_,Memba,adm14,MOZ,Memba_,7,1.05,1.4,1.05,1.05,1.4,1.05,
Ancuabe-Metuge,Ancuabe,Ancuabe,adm15,MOZ,Metuge_,Metuge,adm15,MOZ,Metuge_,35,5.25,7,5.25,5.25,7,5.25,
Ancuabe-Mocimboa Da Praia,Ancuabe,Ancuabe,adm16,MOZ,Mocimboa_Da_Praia_,Mocimboa Da Praia,adm16,MOZ,Mocimboa_Da_Praia_,42,6.3,8.4,6.3,6.3,8.4,6.3,
Ancuabe-Montepuez,Ancuabe,Ancuabe,adm17,MOZ,Montepuez_,Montepuez,adm17,MOZ,Montepuez_,99,14.85,19.8,14.85,14.85,19.8,14.85,
Ancuabe-Mueda,Ancuabe,Ancuabe,adm18,MOZ,Mueda_,Mueda,adm18,MOZ,Mueda_,55,8.25,11,8.25,8.25,11,8.25,
Ancuabe-Muidumbe,Ancuabe,Ancuabe,adm19,MOZ,Muidumbe_,Muidumbe,adm19,MOZ,Muidumbe_,30,4.5,6,4.5,4.5,6,4.5,
Ancuabe-Namuno,Ancuabe,Ancuabe,adm20,MOZ,Namuno_,Namuno,adm20,MOZ,Namuno_,89,13.35,17.8,13.35,13.35,17.8,13.35,
Ancuabe-Nangade,Ancuabe,Ancuabe,adm21,MOZ,Nangade_,Nangade,adm21,MOZ,Nangade_,32,4.8,6.4,4.8,4.8,6.4,4.8,
Ancuabe-Nipepe,Ancuabe,Ancuabe,adm22,MOZ,Nipepe_,Nipepe,adm22,MOZ,Nipepe_,5,0.75,1,0.75,0.75,1,0.75,
Ancuabe-Palma,Ancuabe,Ancuabe,adm23,MOZ,Palma_,Palma,adm23,MOZ,Palma_,24,3.6,4.8,3.6,3.6,4.8,3.6,
Ancuabe-Quissanga,Ancuabe,Ancuabe,adm24,MOZ,Quissanga_,Quissanga,adm24,MOZ,Quissanga_,15,2.25,3,2.25,2.25,3,2.25,
Balama-Ancuabe,Balama,Balama,adm25,MOZ,Ancuabe_,Ancuabe,adm25,MOZ,Ancuabe_,,,,,,,,
Balama-Balama,Balama,Balama,adm26,MOZ,Balama_,Balama,adm26,MOZ,Balama_,,,,,,,,
Balama-Chiure,Balama,Balama,adm27,MOZ,Chiure_,Chiure,adm27,MOZ,Chiure_,,,,,,,,
Balama-Cidade De Pemba,Balama,Balama,adm28,MOZ,Cidade_De_Pemba_,Cidade De Pemba,adm28,MOZ,Cidade_De_Pemba_,,,,,,,,
Balama-Erati,Balama,Balama,adm29,MOZ,Erati_,Erati,adm29,MOZ,Erati_,,,,,,,,
Balama-Ibo,Balama,Balama,adm30,MOZ,Ibo_,Ibo,adm30,MOZ,Ibo_,,,,,,,,
Balama-Lalaua,Balama,Balama,adm31,MOZ,Lalaua_,Lalaua,adm31,MOZ,Lalaua_,,,,,,,,
Balama-Macomia,Balama,Balama,adm32,MOZ,Macomia_,Macomia,adm32,MOZ,Macomia_,,,,,,,,
Balama-Marrupa,Balama,Balama,adm33,MOZ,Marrupa_,Marrupa,adm33,MOZ,Marrupa_,,,,,,,,
Balama-Mecuburi,Balama,Balama,adm34,MOZ,Mecuburi_,Mecuburi,adm34,MOZ,Mecuburi_,,,,,,,,
Balama-Mecufi,Balama,Balama,adm35,MOZ,Mecufi_,Mecufi,adm35,MOZ,Mecufi_,,,,,,,,
Balama-Mecula,Balama,Balama,adm36,MOZ,Mecula_,Mecula,adm36,MOZ,Mecula_,,,,,,,,
Balama-Meluco,Balama,Balama,adm37,MOZ,Meluco_,Meluco,adm37,MOZ,Meluco_,,,,,,,,
Balama-Memba,Balama,Balama,adm38,MOZ,Memba_,Memba,adm38,MOZ,Memba_,,,,,,,,
Balama-Metuge,Balama,Balama,adm39,MOZ,Metuge_,Metuge,adm39,MOZ,Metuge_,,,,,,,,
Balama-Mocimboa Da Praia,Balama,Balama,adm40,MOZ,Mocimboa_Da_Praia_,Mocimboa Da Praia,adm40,MOZ,Mocimboa_Da_Praia_,,,,,,,,
Balama-Montepuez,Balama,Balama,adm41,MOZ,Montepuez_,Montepuez,adm41,MOZ,Montepuez_,,,,,,,,
Balama-Mueda,Balama,Balama,adm42,MOZ,Mueda_,Mueda,adm42,MOZ,Mueda_,,,,,,,,
Balama-Muidumbe,Balama,Balama,adm43,MOZ,Muidumbe_,Muidumbe,adm43,MOZ,Muidumbe_,,,,,,,,
Balama-Namuno,Balama,Balama,adm44,MOZ,Namuno_,Namuno,adm44,MOZ,Namuno_,,,,,,,,
Balama-Nangade,Balama,Balama,adm45,MOZ,Nangade_,Nangade,adm45,MOZ,Nangade_,,,,,,,,
Balama-Nipepe,Balama,Balama,adm46,MOZ,Nipepe_,Nipepe,adm46,MOZ,Nipepe_,,,,,,,,
Balama-Palma,Balama,Balama,adm47,MOZ,Palma_,Palma,adm47,MOZ,Palma_,,,,,,,,
Balama-Quissanga,Balama,Balama,adm48,MOZ,Quissanga_,Quissanga,adm48,MOZ,Quissanga_,,,,,,,,
Chiure-Ancuabe,Chiure,Chiure,adm49,MOZ,Ancuabe_,Ancuabe,adm49,MOZ,Ancuabe_,,,,,,,,
Chiure-Balama,Chiure,Chiure,adm50,MOZ,Balama_,Balama,adm50,MOZ,Balama_,,,,,,,,
Chiure-Chiure,Chiure,Chiure,adm51,MOZ,Chiure_,Chiure,adm51,MOZ,Chiure_,,,,,,,,
Chiure-Cidade De Pemba,Chiure,Chiure,adm52,MOZ,Cidade_De_Pemba_,Cidade De Pemba,adm52,MOZ,Cidade_De_Pemba_,,,,,,,,
Chiure-Erati,Chiure,Chiure,adm53,MOZ,Erati_,Erati,adm53,MOZ,Erati_,,,,,,,,
Chiure-Ibo,Chiure,Chiure,adm54,MOZ,Ibo_,Ibo,adm54,MOZ,Ibo_,,,,,,,,
Chiure-Lalaua,Chiure,Chiure,adm55,MOZ,Lalaua_,Lalaua,adm55,MOZ,Lalaua_,,,,,,,,
Chiure-Macomia,Chiure,Chiure,adm56,MOZ,Macomia_,Macomia,adm56,MOZ,Macomia_,,,,,,,,
Chiure-Marrupa,Chiure,Chiure,adm57,MOZ,Marrupa_,Marrupa,adm57,MOZ,Marrupa_,,,,,,,,
Chiure-Mecuburi,Chiure,Chiure,adm58,MOZ,Mecuburi_,Mecuburi,adm58,MOZ,Mecuburi_,,,,,,,,
Chiure-Mecufi,Chiure,Chiure,adm59,MOZ,Mecufi_,Mecufi,adm59,MOZ,Mecufi_,,,,,,,,
Chiure-Mecula,Chiure,Chiure,adm60,MOZ,Mecula_,Mecula,adm60,MOZ,Mecula_,,,,,,,,
Chiure-Meluco,Chiure,Chiure,adm61,MOZ,Meluco_,Meluco,adm61,MOZ,Meluco_,,,,,,,,
Chiure-Memba,Chiure,Chiure,adm62,MOZ,Memba_,Memba,adm62,MOZ,Memba_,,,,,,,,
Chiure-Metuge,Chiure,Chiure,adm63,MOZ,Metuge_,Metuge,adm63,MOZ,Metuge_,,,,,,,,
Chiure-Mocimboa Da Praia,Chiure,Chiure,adm64,MOZ,Mocimboa_Da_Praia_,Mocimboa Da Praia,adm64,MOZ,Mocimboa_Da_Praia_,,,,,,,,
Chiure-Montepuez,Chiure,Chiure,adm65,MOZ,Montepuez_,Montepuez,adm65,MOZ,Montepuez_,,,,,,,,
Chiure-Mueda,Chiure,Chiure,adm66,MOZ,Mueda_,Mueda,adm66,MOZ,Mueda_,,,,,,,,
Chiure-Muidumbe,Chiure,Chiure,adm67,MOZ,Muidumbe_,Muidumbe,adm67,MOZ,Muidumbe_,,,,,,,,
Chiure-Namuno,Chiure,Chiure,adm68,MOZ,Namuno_,Namuno,adm68,MOZ,Namuno_,,,,,,,,
Chiure-Nangade,Chiure,Chiure,adm69,MOZ,Nangade_,Nangade,adm69,MOZ,Nangade_,,,,,,,,
Chiure-Nipepe,Chiure,Chiure,adm70,MOZ,Nipepe_,Nipepe,adm70,MOZ,Nipepe_,,,,,,,,
Chiure-Palma,Chiure,Chiure,adm71,MOZ,Palma_,Palma,adm71,MOZ,Palma_,,,,,,,,
Chiure-Quissanga,Chiure,Chiure,adm72,MOZ,Quissanga_,Quissanga,adm72,MOZ,Quissanga_,,,,,,,,
Cidade De Pemba-Ancuabe,Cidade De Pemba,Cidade De Pemba,adm73,MOZ,Ancuabe_,Ancuabe,adm73,MOZ,Ancuabe_,,,,,,,,
Cidade De Pemba-Balama,Cidade De Pemba,Cidade De Pemba,adm74,MOZ,Balama_,Balama,adm74,MOZ,Balama_,,,,,,,,
Cidade De Pemba-Chiure,Cidade De Pemba,Cidade De Pemba,adm75,MOZ,Chiure_,Chiure,adm75,MOZ,Chiure_,,,,,,,,
Cidade De Pemba-Cidade De Pemba,Cidade De Pemba,Cidade De Pemba,adm76,MOZ,Cidade_De_Pemba_,Cidade De Pemba,adm76,MOZ,Cidade_De_Pemba_,,,,,,,,
Cidade De Pemba-Erati,Cidade De Pemba,Cidade De Pemba,adm77,MOZ,Erati_,Erati,adm77,MOZ,Erati_,,,,,,,,
Cidade De Pemba-Ibo,Cidade De Pemba,Cidade De Pemba,adm78,MOZ,Ibo_,Ibo,adm78,MOZ,Ibo_,,,,,,,,
Cidade De Pemba-Lalaua,Cidade De Pemba,Cidade De Pemba,adm79,MOZ,Lalaua_,Lalaua,adm79,MOZ,Lalaua_,,,,,,,,
Cidade De Pemba-Macomia,Cidade De Pemba,Cidade De Pemba,adm80,MOZ,Macomia_,Macomia,adm80,MOZ,Macomia_,,,,,,,,
Cidade De Pemba-Marrupa,Cidade De Pemba,Cidade De Pemba,adm81,MOZ,Marrupa_,Marrupa,adm81,MOZ,Marrupa_,,,,,,,,
Cidade De Pemba-Mecuburi,Cidade De Pemba,Cidade De Pemba,adm82,MOZ,Mecuburi_,Mecuburi,adm82,MOZ,Mecuburi_,,,,,,,,
Cidade De Pemba-Mecufi,Cidade De Pemba,Cidade De Pemba,adm83,MOZ,Mecufi_,Mecufi,adm83,MOZ,Mecufi_,,,,,,,,
Cidade De Pemba-Mecula,Cidade De Pemba,Cidade De Pemba,adm84,MOZ,Mecula_,Mecula,adm84,MOZ,Mecula_,,,,,,,,
Cidade De Pemba-Meluco,Cidade De Pemba,Cidade De Pemba,adm85,MOZ,Meluco_,Meluco,adm85,MOZ,Meluco_,,,,,,,,
Cidade De Pemba-Memba,Cidade De Pemba,Cidade De Pemba,adm86,MOZ,Memba_,Memba,adm86,MOZ,Memba_,,,,,,,,
Cidade De Pemba-Metuge,Cidade De Pemba,Cidade De Pemba,adm87,MOZ,Metuge_,Metuge,adm87,MOZ,Metuge_,,,,,,,,
Cidade De Pemba-Mocimboa Da Praia,Cidade De Pemba,Cidade De Pemba,adm88,MOZ,Mocimboa_Da_Praia_,Mocimboa Da Praia,adm88,MOZ,Mocimboa_Da_Praia_,,,,,,,,
Cidade De Pemba-Montepuez,Cidade De Pemba,Cidade De Pemba,adm89,MOZ,Montepuez_,Montepuez,adm89,MOZ,Montepuez_,,,,,,,,
Cidade De Pemba-Mueda,Cidade De Pemba,Cidade De Pemba,adm90,MOZ,Mueda_,Mueda,adm90,MOZ,Mueda_,,,,,,,,
Cidade De Pemba-Muidumbe,Cidade De Pemba,Cidade De Pemba,adm91,MOZ,Muidumbe_,Muidumbe,adm91,MOZ,Muidumbe_,,,,,,,,
Cidade De Pemba-Namuno,Cidade De Pemba,Cidade De Pemba,adm92,MOZ,Namuno_,Namuno,adm92,MOZ,Namuno_,,,,,,,,
Cidade De Pemba-Nangade,Cidade De Pemba,Cidade De Pemba,adm93,MOZ,Nangade_,Nangade,adm93,MOZ,Nangade_,,,,,,,,
Cidade De Pemba-Nipepe,Cidade De Pemba,Cidade De Pemba,adm94,MOZ,Nipepe_,Nipepe,adm94,MOZ,Nipepe_,,,,,,,,
Cidade De Pemba-Palma,Cidade De Pemba,Cidade De Pemba,adm95,MOZ,Palma_,Palma,adm95,MOZ,Palma_,,,,,,,,
Cidade De Pemba-Quissanga,Cidade De Pemba,Cidade De Pemba,adm96,MOZ,Quissanga_,Quissanga,adm96,MOZ,Quissanga_,,,,,,,,
Erati-Ancuabe,Erati,Erati,adm97,MOZ,Ancuabe_,Ancuabe,adm97,MOZ,Ancuabe_,,,,,,,,
Erati-Balama,Erati,Erati,adm98,MOZ,Balama_,Balama,adm98,MOZ,Balama_,,,,,,,,
Erati-Chiure,Erati,Erati,adm99,MOZ,Chiure_,Chiure,adm99,MOZ,Chiure_,,,,,,,,
Erati-Cidade De Pemba,Erati,Erati,adm100,MOZ,Cidade_De_Pemba_,Cidade De Pemba,adm100,MOZ,Cidade_De_Pemba_,,,,,,,,
Erati-Erati,Erati,Erati,adm101,MOZ,Erati_,Erati,adm101,MOZ,Erati_,,,,,,,,
Erati-Ibo,Erati,Erati,adm102,MOZ,Ibo_,Ibo,adm102,MOZ,Ibo_,,,,,,,,
Erati-Lalaua,Erati,Erati,adm103,MOZ,Lalaua_,Lalaua,adm103,MOZ,Lalaua_,,,,,,,,
Erati-Macomia,Erati,Erati,adm104,MOZ,Macomia_,Macomia,adm104,MOZ,Macomia_,,,,,,,,
Erati-Marrupa,Erati,Erati,adm105,MOZ,Marrupa_,Marrupa,adm105,MOZ,Marrupa_,,,,,,,,
Erati-Mecuburi,Erati,Erati,adm106,MOZ,Mecuburi_,Mecuburi,adm106,MOZ,Mecuburi_,,,,,,,,
Erati-Mecufi,Erati,Erati,adm107,MOZ,Mecufi_,Mecufi,adm107,MOZ,Mecufi_,,,,,,,,
Erati-Mecula,Erati,Erati,adm108,MOZ,Mecula_,Mecula,adm108,MOZ,Mecula_,,,,,,,,
Erati-Meluco,Erati,Erati,adm109,MOZ,Meluco_,Meluco,adm109,MOZ,Meluco_,,,,,,,,
Erati-Memba,Erati,Erati,adm110,MOZ,Memba_,Memba,adm110,MOZ,Memba_,,,,,,,,
Erati-Metuge,Erati,Erati,adm111,MOZ,Metuge_,Metuge,adm111,MOZ,Metuge_,,,,,,,,
Erati-Mocimboa Da Praia,Erati,Erati,adm112,MOZ,Mocimboa_Da_Praia_,Mocimboa Da Praia,adm112,MOZ,Mocimboa_Da_Praia_,,,,,,,,
Erati-Montepuez,Erati,Erati,adm113,MOZ,Montepuez_,Montepuez,adm113,MOZ,Montepuez_,,,,,,,,
Erati-Mueda,Erati,Erati,adm114,MOZ,Mueda_,Mueda,adm114,MOZ,Mueda_,,,,,,,,
Erati-Muidumbe,Erati,Erati,adm115,MOZ,Muidumbe_,Muidumbe,adm115,MOZ,Muidumbe_,,,,,,,,
Erati-Namuno,Erati,Erati,adm116,MOZ,Namuno_,Namuno,adm116,MOZ,Namuno_,,,,,,,,
Erati-Nangade,Erati,Erati,adm117,MOZ,Nangade_,Nangade,adm117,MOZ,Nangade_,,,,,,,,
Erati-Nipepe,Erati,Erati,adm118,MOZ,Nipepe_,Nipepe,adm118,MOZ,Nipepe_,,,,,,,,
Erati-Palma,Erati,Erati,adm119,MOZ,Palma_,Palma,adm119,MOZ,Palma_,,,,,,,,
Erati-Quissanga,Erati,Erati,adm120,MOZ,Quissanga_,Quissanga,adm120,MOZ,Quissanga_,,,,,,,,
Ibo-Ancuabe,Ibo,Ibo,adm121,MOZ,Ancuabe_,Ancuabe,adm121,MOZ,Ancuabe_,,,,,,,,
Ibo-Balama,Ibo,Ibo,adm122,MOZ,Balama_,Balama,adm122,MOZ,Balama_,,,,,,,,
Ibo-Chiure,Ibo,Ibo,adm123,MOZ,Chiure_,Chiure,adm123,MOZ,Chiure_,,,,,,,,
Ibo-Cidade De Pemba,Ibo,Ibo,adm124,MOZ,Cidade_De_Pemba_,Cidade De Pemba,adm124,MOZ,Cidade_De_Pemba_,,,,,,,,
Ibo-Erati,Ibo,Ibo,adm125,MOZ,Erati_,Erati,adm125,MOZ,Erati_,,,,,,,,
Ibo-Ibo,Ibo,Ibo,adm126,MOZ,Ibo_,Ibo,adm126,MOZ,Ibo_,,,,,,,,
Ibo-Lalaua,Ibo,Ibo,adm127,MOZ,Lalaua_,Lalaua,adm127,MOZ,Lalaua_,,,,,,,,
Ibo-Macomia,Ibo,Ibo,adm128,MOZ,Macomia_,Macomia,adm128,MOZ,Macomia_,,,,,,,,
Ibo-Marrupa,Ibo,Ibo,adm129,MOZ,Marrupa_,Marrupa,adm129,MOZ,Marrupa_,,,,,,,,
Ibo-Mecuburi,Ibo,Ibo,adm130,MOZ,Mecuburi_,Mecuburi,adm130,MOZ,Mecuburi_,,,,,,,,
Ibo-Mecufi,Ibo,Ibo,adm131,MOZ,Mecufi_,Mecufi,adm131,MOZ,Mecufi_,,,,,,,,
Ibo-Mecula,Ibo,Ibo,adm132,MOZ,Mecula_,Mecula,adm132,MOZ,Mecula_,,,,,,,,
Ibo-Meluco,Ibo,Ibo,adm133,MOZ,Meluco_,Meluco,adm133,MOZ,Meluco_,,,,,,,,
Ibo-Memba,Ibo,Ibo,adm134,MOZ,Memba_,Memba,adm134,MOZ,Memba_,,,,,,,,
Ibo-Metuge,Ibo,Ibo,adm135,MOZ,Metuge_,Metuge,adm135,MOZ,Metuge_,,,,,,,,
Ibo-Mocimboa Da Praia,Ibo,Ibo,adm136,MOZ,Mocimboa_Da_Praia_,Mocimboa Da Praia,adm136,MOZ,Mocimboa_Da_Praia_,,,,,,,,
Ibo-Montepuez,Ibo,Ibo,adm137,MOZ,Montepuez_,Montepuez,adm137,MOZ,Montepuez_,,,,,,,,
Ibo-Mueda,Ibo,Ibo,adm138,MOZ,Mueda_,Mueda,adm138,MOZ,Mueda_,,,,,,,,
Ibo-Muidumbe,Ibo,Ibo,adm139,MOZ,Muidumbe_,Muidumbe,adm139,MOZ,Muidumbe_,,,,,,,,
Ibo-Namuno,Ibo,Ibo,adm140,MOZ,Namuno_,Namuno,adm140,MOZ,Namuno_,,,,,,,,
Ibo-Nangade,Ibo,Ibo,adm141,MOZ,Nangade_,Nangade,adm141,MOZ,Nangade_,,,,,,,,
Ibo-Nipepe,Ibo,Ibo,adm142,MOZ,Nipepe_,Nipepe,adm142,MOZ,Nipepe_,,,,,,,,
Ibo-Palma,Ibo,Ibo,adm143,MOZ,Palma_,Palma,adm143,MOZ,Palma_,,,,,,,,
Ibo-Quissanga,Ibo,Ibo,adm144,MOZ,Quissanga_,Quissanga,adm144,MOZ,Quissanga_,,,,,,,,
Lalaua-Ancuabe,Lalaua,Lalaua,adm145,MOZ,Ancuabe_,Ancuabe,adm145,MOZ,Ancuabe_,,,,,,,,
Lalaua-Balama,Lalaua,Lalaua,adm146,MOZ,Balama_,Balama,adm146,MOZ,Balama_,,,,,,,,
Lalaua-Chiure,Lalaua,Lalaua,adm147,MOZ,Chiure_,Chiure,adm147,MOZ,Chiure_,,,,,,,,
Lalaua-Cidade De Pemba,Lalaua,Lalaua,adm148,MOZ,Cidade_De_Pemba_,Cidade De Pemba,adm148,MOZ,Cidade_De_Pemba_,,,,,,,,
Lalaua-Erati,Lalaua,Lalaua,adm149,MOZ,Erati_,Erati,adm149,MOZ,Erati_,,,,,,,,
Lalaua-Ibo,Lalaua,Lalaua,adm150,MOZ,Ibo_,Ibo,adm150,MOZ,Ibo_,,,,,,,,
Lalaua-Lalaua,Lalaua,Lalaua,adm151,MOZ,Lalaua_,Lalaua,adm151,MOZ,Lalaua_,,,,,,,,
Lalaua-Macomia,Lalaua,Lalaua,adm152,MOZ,Macomia_,Macomia,adm152,MOZ,Macomia_,,,,,,,,
Lalaua-Marrupa,Lalaua,Lalaua,adm153,MOZ,Marrupa_,Marrupa,adm153,MOZ,Marrupa_,,,,,,,,
Lalaua-Mecuburi,Lalaua,Lalaua,adm154,MOZ,Mecuburi_,Mecuburi,adm154,MOZ,Mecuburi_,,,,,,,,
Lalaua-Mecufi,Lalaua,Lalaua,adm155,MOZ,Mecufi_,Mecufi,adm155,MOZ,Mecufi_,,,,,,,,
Lalaua-Mecula,Lalaua,Lalaua,adm156,MOZ,Mecula_,Mecula,adm156,MOZ,Mecula_,,,,,,,,
Lalaua-Meluco,Lalaua,Lalaua,adm157,MOZ,Meluco_,Meluco,adm157,MOZ,Meluco_,,,,,,,,
Lalaua-Memba,Lalaua,Lalaua,adm158,MOZ,Memba_,Memba,adm158,MOZ,Memba_,,,,,,,,
Lalaua-Metuge,Lalaua,Lalaua,adm159,MOZ,Metuge_,Metuge,adm159,MOZ,Metuge_,,,,,,,,
Lalaua-Mocimboa Da Praia,Lalaua,Lalaua,adm160,MOZ,Mocimboa_Da_Praia_,Mocimboa Da Praia,adm160,MOZ,Mocimboa_Da_Praia_,,,,,,,,
Lalaua-Montepuez,Lalaua,Lalaua,adm161,MOZ,Montepuez_,Montepuez,adm161,MOZ,Montepuez_,,,,,,,,
Lalaua-Mueda,Lalaua,Lalaua,adm162,MOZ,Mueda_,Mueda,adm162,MOZ,Mueda_,,,,,,,,
Lalaua-Muidumbe,Lalaua,Lalaua,adm163,MOZ,Muidumbe_,Muidumbe,adm163,MOZ,Muidumbe_,,,,,,,,
Lalaua-Namuno,Lalaua,Lalaua,adm164,MOZ,Namuno_,Namuno,adm164,MOZ,Namuno_,,,,,,,,
Lalaua-Nangade,Lalaua,Lalaua,adm165,MOZ,Nangade_,Nangade,adm165,MOZ,Nangade_,,,,,,,,
Lalaua-Nipepe,Lalaua,Lalaua,adm166,MOZ,Nipepe_,Nipepe,adm166,MOZ,Nipepe_,,,,,,,,
Lalaua-Palma,Lalaua,Lalaua,adm167,MOZ,Palma_,Palma,adm167,MOZ,Palma_,,,,,,,,
Lalaua-Quissanga,Lalaua,Lalaua,adm168,MOZ,Quissanga_,Quissanga,adm168,MOZ,Quissanga_,,,,,,,,
Macomia-Ancuabe,Macomia,Macomia,adm169,MOZ,Ancuabe_,Ancuabe,adm169,MOZ,Ancuabe_,28,4.2,5.6,4.2,4.2,5.6,4.2,
Macomia-Balama,Macomia,Macomia,adm170,MOZ,Balama_,Balama,adm170,MOZ,Balama_,33,4.95,6.6,4.95,4.95,6.6,4.95,
Macomia-Chiure,Macomia,Macomia,adm171,MOZ,Chiure_,Chiure,adm171,MOZ,Chiure_,52,7.8,10.4,7.8,7.8,10.4,7.8,
Macomia-Cidade De Pemba,Macomia,Macomia,adm172,MOZ,Cidade_De_Pemba_,Cidade De Pemba,adm172,MOZ,Cidade_De_Pemba_,53,7.95,10.6,7.95,7.95,10.6,7.95,
Macomia-Erati,Macomia,Macomia,adm173,MOZ,Erati_,Erati,adm173,MOZ,Erati_,43,6.45,8.6,6.45,6.45,8.6,6.45,
Macomia-Ibo,Macomia,Macomia,adm174,MOZ,Ibo_,Ibo,adm174,MOZ,Ibo_,3,0.45,0.6,0.45,0.45,0.6,0.45,
Macomia-Lalaua,Macomia,Macomia,adm175,MOZ,Lalaua_,Lalaua,adm175,MOZ,Lalaua_,5,0.75,1,0.75,0.75,1,0.75,
Macomia-Macomia,Macomia,Macomia,adm176,MOZ,Macomia_,Macomia,adm176,MOZ,Macomia_,19,2.85,3.8,2.85,2.85,3.8,2.85,
Macomia-Marrupa,Macomia,Macomia,adm177,MOZ,Marrupa_,Marrupa,adm177,MOZ,Marrupa_,1,0.15,0.2,0.15,0.15,0.2,0.15,
Macomia-Mecuburi,Macomia,Macomia,adm178,MOZ,Mecuburi_,Mecuburi,adm178,MOZ,Mecuburi_,11,1.65,2.2,1.65,1.65,2.2,1.65,
Macomia-Mecufi,Macomia,Macomia,adm179,MOZ,Mecufi_,Mecufi,adm179,MOZ,Mecufi_,12,1.8,2.4,1.8,1.8,2.4,1.8,
Macomia-Mecula,Macomia,Macomia,adm180,MOZ,Mecula_,Mecula,adm180,MOZ,Mecula_,1,0.15,0.2,0.15,0.15,0.2,0.15,
Macomia-Meluco,Macomia,Macomia,adm181,MOZ,Meluco_,Meluco,adm181,MOZ,Meluco_,5,0.75,1,0.75,0.75,1,0.75,
Macomia-Memba,Macomia,Macomia,adm182,MOZ,Memba_,Memba,adm182,MOZ,Memba_,4,0.6,0.8,0.6,0.6,0.8,0.6,
Macomia-Metuge,Macomia,Macomia,adm183,MOZ,Metuge_,Metuge,adm183,MOZ,Metuge_,20,3,4,3,3,4,3,
Macomia-Mocimboa Da Praia,Macomia,Macomia,adm184,MOZ,Mocimboa_Da_Praia_,Mocimboa Da Praia,adm184,MOZ,Mocimboa_Da_Praia_,24,3.6,4.8,3.6,3.6,4.8,3.6,
Macomia-Montepuez,Macomia,Macomia,adm185,MOZ,Montepuez_,Montepuez,adm185,MOZ,Montepuez_,55,8.25,11,8.25,8.25,11,8.25,
Macomia-Mueda,Macomia,Macomia,adm186,MOZ,Mueda_,Mueda,adm186,MOZ,Mueda_,32,4.8,6.4,4.8,4.8,6.4,4.8,
Macomia-Muidumbe,Macomia,Macomia,adm187,MOZ,Muidumbe_,Muidumbe,adm187,MOZ,Muidumbe_,17,2.55,3.4,2.55,2.55,3.4,2.55,
Macomia-Namuno,Macomia,Macomia,adm188,MOZ,Namuno_,Namuno,adm188,MOZ,Namuno_,51,7.65,10.2,7.65,7.65,10.2,7.65,
Macomia-Nangade,Macomia,Macomia,adm189,MOZ,Nangade_,Nangade,adm189,MOZ,Nangade_,18,2.7,3.6,2.7,2.7,3.6,2.7,
Macomia-Nipepe,Macomia,Macomia,adm190,MOZ,Nipepe_,Nipepe,adm190,MOZ,Nipepe_,3,0.45,0.6,0.45,0.45,0.6,0.45,
Macomia-Palma,Macomia,Macomia,adm191,MOZ,Palma_,Palma,adm191,MOZ,Palma_,14,2.1,2.8,2.1,2.1,2.8,2.1,
Macomia-Quissanga,Macomia,Macomia,adm192,MOZ,Quissanga_,Quissanga,adm192,MOZ,Quissanga_,9,1.35,1.8,1.35,1.35,1.8,1.35,
Marrupa-Ancuabe,Marrupa,Marrupa,adm193,MOZ,Ancuabe_,Ancuabe,adm193,MOZ,Ancuabe_,,,,,,,,
Marrupa-Balama,Marrupa,Marrupa,adm194,MOZ,Balama_,Balama,adm194,MOZ,Balama_,,,,,,,,
Marrupa-Chiure,Marrupa,Marrupa,adm195,MOZ,Chiure_,Chiure,adm195,MOZ,Chiure_,,,,,,,,
Marrupa-Cidade De Pemba,Marrupa,Marrupa,adm196,MOZ,Cidade_De_Pemba_,Cidade De Pemba,adm196,MOZ,Cidade_De_Pemba_,,,,,,,,
Marrupa-Erati,Marrupa,Marrupa,adm197,MOZ,Erati_,Erati,adm197,MOZ,Erati_,,,,,,,,
Marrupa-Ibo,Marrupa,Marrupa,adm198,MOZ,Ibo_,Ibo,adm198,MOZ,Ibo_,,,,,,,,
Marrupa-Lalaua,Marrupa,Marrupa,adm199,MOZ,Lalaua_,Lalaua,adm199,MOZ,Lalaua_,,,,,,,,
Marrupa-Macomia,Marrupa,Marrupa,adm200,MOZ,Macomia_,Macomia,adm200,MOZ,Macomia_,,,,,,,,
Marrupa-Marrupa,Marrupa,Marrupa,adm201,MOZ,Marrupa_,Marrupa,adm201,MOZ,Marrupa_,,,,,,,,
Marrupa-Mecuburi,Marrupa,Marrupa,adm202,MOZ,Mecuburi_,Mecuburi,adm202,MOZ,Mecuburi_,,,,,,,,
Marrupa-Mecufi,Marrupa,Marrupa,adm203,MOZ,Mecufi_,Mecufi,adm203,MOZ,Mecufi_,,,,,,,,
Marrupa-Mecula,Marrupa,Marrupa,adm204,MOZ,Mecula_,Mecula,adm204,MOZ,Mecula_,,,,,,,,
Marrupa-Meluco,Marrupa,Marrupa,adm205,MOZ,Meluco_,Meluco,adm205,MOZ,Meluco_,,,,,,,,
Marrupa-Memba,Marrupa,Marrupa,adm206,MOZ,Memba_,Memba,adm206,MOZ,Memba_,,,,,,,,
Marrupa-Metuge,Marrupa,Marrupa,adm207,MOZ,Metuge_,Metuge,adm207,MOZ,Metuge_,,,,,,,,
Marrupa-Mocimboa Da Praia,Marrupa,Marrupa,adm208,MOZ,Mocimboa_Da_Praia_,Mocimboa Da Praia,adm208,MOZ,Mocimboa_Da_Praia_,,,,,,,,
Marrupa-Montepuez,Marrupa,Marrupa,adm209,MOZ,Montepuez_,Montepuez,adm209,MOZ,Montepuez_,,,,,,,,
Marrupa-Mueda,Marrupa,Marrupa,adm210,MOZ,Mueda_,Mueda,adm210,MOZ,Mueda_,,,,,,,,
Marrupa-Muidumbe,Marrupa,Marrupa,adm211,MOZ,Muidumbe_,Muidumbe,adm211,MOZ,Muidumbe_,,,,,,,,
Marrupa-Namuno,Marrupa,Marrupa,adm212,MOZ,Namuno_,Namuno,adm212,MOZ,Namuno_,,,,,,,,
Marrupa-Nangade,Marrupa,Marrupa,adm213,MOZ,Nangade_,Nangade,adm213,MOZ,Nangade_,,,,,,,,
Marrupa-Nipepe,Marrupa,Marrupa,adm214,MOZ,Nipepe_,Nipepe,adm214,MOZ,Nipepe_,,,,,,,,
Marrupa-Palma,Marrupa,Marrupa,adm215,MOZ,Palma_,Palma,adm215,MOZ,Palma_,,,,,,,,
Marrupa-Quissanga,Marrupa,Marrupa,adm216,MOZ,Quissanga_,Quissanga,adm216,MOZ,Quissanga_,,,,,,,,
Mecuburi-Ancuabe,Mecuburi,Mecuburi,adm217,MOZ,Ancuabe_,Ancuabe,adm217,MOZ,Ancuabe_,,,,,,,,
Mecuburi-Balama,Mecuburi,Mecuburi,adm218,MOZ,Balama_,Balama,adm218,MOZ,Balama_,,,,,,,,
Mecuburi-Chiure,Mecuburi,Mecuburi,adm219,MOZ,Chiure_,Chiure,adm219,MOZ,Chiure_,,,,,,,,
Mecuburi-Cidade De Pemba,Mecuburi,Mecuburi,adm220,MOZ,Cidade_De_Pemba_,Cidade De Pemba,adm220,MOZ,Cidade_De_Pemba_,,,,,,,,
Mecuburi-Erati,Mecuburi,Mecuburi,adm221,MOZ,Erati_,Erati,adm221,MOZ,Erati_,,,,,,,,
Mecuburi-Ibo,Mecuburi,Mecuburi,adm222,MOZ,Ibo_,Ibo,adm222,MOZ,Ibo_,,,,,,,,
Mecuburi-Lalaua,Mecuburi,Mecuburi,adm223,MOZ,Lalaua_,Lalaua,adm223,MOZ,Lalaua_,,,,,,,,
Mecuburi-Macomia,Mecuburi,Mecuburi,adm224,MOZ,Macomia_,Macomia,adm224,MOZ,Macomia_,,,,,,,,
Mecuburi-Marrupa,Mecuburi,Mecuburi,adm225,MOZ,Marrupa_,Marrupa,adm225,MOZ,Marrupa_,,,,,,,,
Mecuburi-Mecuburi,Mecuburi,Mecuburi,adm226,MOZ,Mecuburi_,Mecuburi,adm226,MOZ,Mecuburi_,,,,,,,,
Mecuburi-Mecufi,Mecuburi,Mecuburi,adm227,MOZ,Mecufi_,Mecufi,adm227,MOZ,Mecufi_,,,,,,,,
Mecuburi-Mecula,Mecuburi,Mecuburi,adm228,MOZ,Mecula_,Mecula,adm228,MOZ,Mecula_,,,,,,,,
Mecuburi-Meluco,Mecuburi,Mecuburi,adm229,MOZ,Meluco_,Meluco,adm229,MOZ,Meluco_,,,,,,,,
Mecuburi-Memba,Mecuburi,Mecuburi,adm230,MOZ,Memba_,Memba,adm230,MOZ,Memba_,,,,,,,,
Mecuburi-Metuge,Mecuburi,Mecuburi,adm231,MOZ,Metuge_,Metuge,adm231,MOZ,Metuge_,,,,,,,,
Mecuburi-Mocimboa Da Praia,Mecuburi,Mecuburi,adm232,MOZ,Mocimboa_Da_Praia_,Mocimboa Da Praia,adm232,MOZ,Mocimboa_Da_Praia_,,,,,,,,
Mecuburi-Montepuez,Mecuburi,Mecuburi,adm233,MOZ,Montepuez_,Montepuez,adm233,MOZ,Montepuez_,,,,,,,,
Mecuburi-Mueda,Mecuburi,Mecuburi,adm234,MOZ,Mueda_,Mueda,adm234,MOZ,Mueda_,,,,,,,,
Mecuburi-Muidumbe,Mecuburi,Mecuburi,adm235,MOZ,Muidumbe_,Muidumbe,adm235,MOZ,Muidumbe_,,,,,,,,
Mecuburi-Namuno,Mecuburi,Mecuburi,adm236,MOZ,Namuno_,Namuno,adm236,MOZ,Namuno_,,,,,,,,
Mecuburi-Nangade,Mecuburi,Mecuburi,adm237,MOZ,Nangade_,Nangade,adm237,MOZ,Nangade_,,,,,,,,
Mecuburi-Nipepe,Mecuburi,Mecuburi,adm238,MOZ,Nipepe_,Nipepe,adm238,MOZ,Nipepe_,,,,,,,,
Mecuburi-Palma,Mecuburi,Mecuburi,adm239,MOZ,Palma_,Palma,adm239,MOZ,Palma_,,,,,,,,
Mecuburi-Quissanga,Mecuburi,Mecuburi,adm240,MOZ,Quissanga_,Quissanga,adm240,MOZ,Quissanga_,,,,,,,,
Mecufi-Ancuabe,Mecufi,Mecufi,adm241,MOZ,Ancuabe_,Ancuabe,adm241,MOZ,Ancuabe_,,,,,,,,
Mecufi-Balama,Mecufi,Mecufi,adm242,MOZ,Balama_,Balama,adm242,MOZ,Balama_,,,,,,,,
Mecufi-Chiure,Mecufi,Mecufi,adm243,MOZ,Chiure_,Chiure,adm243,MOZ,Chiure_,,,,,,,,
Mecufi-Cidade De Pemba,Mecufi,Mecufi,adm244,MOZ,Cidade_De_Pemba_,Cidade De Pemba,adm244,MOZ,Cidade_De_Pemba_,,,,,,,,
Mecufi-Erati,Mecufi,Mecufi,adm245,MOZ,Erati_,Erati,adm245,MOZ,Erati_,,,,,,,,
Mecufi-Ibo,Mecufi,Mecufi,adm246,MOZ,Ibo_,Ibo,adm246,MOZ,Ibo_,,,,,,,,
Mecufi-Lalaua,Mecufi,Mecufi,adm247,MOZ,Lalaua_,Lalaua,adm247,MOZ,Lalaua_,,,,,,,,
Mecufi-Macomia,Mecufi,Mecufi,adm248,MOZ,Macomia_,Macomia,adm248,MOZ,Macomia_,,,,,,,,
Mecufi-Marrupa,Mecufi,Mecufi,adm249,MOZ,Marrupa_,Marrupa,adm249,MOZ,Marrupa_,,,,,,,,
Mecufi-Mecuburi,Mecufi,Mecufi,adm250,MOZ,Mecuburi_,Mecuburi,adm250,MOZ,Mecuburi_,,,,,,,,
Mecufi-Mecufi,Mecufi,Mecufi,adm251,MOZ,Mecufi_,Mecufi,adm251,MOZ,Mecufi_,,,,,,,,
Mecufi-Mecula,Mecufi,Mecufi,adm252,MOZ,Mecula_,Mecula,adm252,MOZ,Mecula_,,,,,,,,
Mecufi-Meluco,Mecufi,Mecufi,adm253,MOZ,Meluco_,Meluco,adm253,MOZ,Meluco_,,,,,,,,
Mecufi-Memba,Mecufi,Mecufi,adm254,MOZ,Memba_,Memba,adm254,MOZ,Memba_,,,,,,,,
Mecufi-Metuge,Mecufi,Mecufi,adm255,MOZ,Metuge_,Metuge,adm255,MOZ,Metuge_,,,,,,,,
Mecufi-Mocimboa Da Praia,Mecufi,Mecufi,adm256,MOZ,Mocimboa_Da_Praia_,Mocimboa Da Praia,adm256,MOZ,Mocimboa_Da_Praia_,,,,,,,,
Mecufi-Montepuez,Mecufi,Mecufi,adm257,MOZ,Montepuez_,Montepuez,adm257,MOZ,Montepuez_,,,,,,,,
Mecufi-Mueda,Mecufi,Mecufi,adm258,MOZ,Mueda_,Mueda,adm258,MOZ,Mueda_,,,,,,,,
Mecufi-Muidumbe,Mecufi,Mecufi,adm259,MOZ,Muidumbe_,Muidumbe,adm259,MOZ,Muidumbe_,,,,,,,,
Mecufi-Namuno,Mecufi,Mecufi,adm260,MOZ,Namuno_,Namuno,adm260,MOZ,Namuno_,,,,,,,,
Mecufi-Nangade,Mecufi,Mecufi,adm261,MOZ,Nangade_,Nangade,adm261,MOZ,Nangade_,,,,,,,,
Mecufi-Nipepe,Mecufi,Mecufi,adm262,MOZ,Nipepe_,Nipepe,adm262,MOZ,Nipepe_,,,,,,,,
Mecufi-Palma,Mecufi,Mecufi,adm263,MOZ,Palma_,Palma,adm263,MOZ,Palma_,,,,,,,,
Mecufi-Quissanga,Mecufi,Mecufi,adm264,MOZ,Quissanga_,Quissanga,adm264,MOZ,Quissanga_,,,,,,,,
Mecula-Ancuabe,Mecula,Mecula,adm265,MOZ,Ancuabe_,Ancuabe,adm265,MOZ,Ancuabe_,,,,,,,,
Mecula-Balama,Mecula,Mecula,adm266,MOZ,Balama_,Balama,adm266,MOZ,Balama_,,,,,,,,
Mecula-Chiure,Mecula,Mecula,adm267,MOZ,Chiure_,Chiure,adm267,MOZ,Chiure_,,,,,,,,
Mecula-Cidade De Pemba,Mecula,Mecula,adm268,MOZ,Cidade_De_Pemba_,Cidade De Pemba,adm268,MOZ,Cidade_De_Pemba_,,,,,,,,
Mecula-Erati,Mecula,Mecula,adm269,MOZ,Erati_,Erati,adm269,MOZ,Erati_,,,,,,,,
Mecula-Ibo,Mecula,Mecula,adm270,MOZ,Ibo_,Ibo,adm270,MOZ,Ibo_,,,,,,,,
Mecula-Lalaua,Mecula,Mecula,adm271,MOZ,Lalaua_,Lalaua,adm271,MOZ,Lalaua_,,,,,,,,
Mecula-Macomia,Mecula,Mecula,adm272,MOZ,Macomia_,Macomia,adm272,MOZ,Macomia_,,,,,,,,
Mecula-Marrupa,Mecula,Mecula,adm273,MOZ,Marrupa_,Marrupa,adm273,MOZ,Marrupa_,,,,,,,,
Mecula-Mecuburi,Mecula,Mecula,adm274,MOZ,Mecuburi_,Mecuburi,adm274,MOZ,Mecuburi_,,,,,,,,
Mecula-Mecufi,Mecula,Mecula,adm275,MOZ,Mecufi_,Mecufi,adm275,MOZ,Mecufi_,,,,,,,,
Mecula-Mecula,Mecula,Mecula,adm276,MOZ,Mecula_,Mecula,adm276,MOZ,Mecula_,,,,,,,,
Mecula-Meluco,Mecula,Mecula,adm277,MOZ,Meluco_,Meluco,adm277,MOZ,Meluco_,,,,,,,,
Mecula-Memba,Mecula,Mecula,adm278,MOZ,Memba_,Memba,adm278,MOZ,Memba_,,,,,,,,
Mecula-Metuge,Mecula,Mecula,adm279,MOZ,Metuge_,Metuge,adm279,MOZ,Metuge_,,,,,,,,
Mecula-Mocimboa Da Praia,Mecula,Mecula,adm280,MOZ,Mocimboa_Da_Praia_,Mocimboa Da Praia,adm280,MOZ,Mocimboa_Da_Praia_,,,,,,,,
Mecula-Montepuez,Mecula,Mecula,adm281,MOZ,Montepuez_,Montepuez,adm281,MOZ,Montepuez_,,,,,,,,
Mecula-Mueda,Mecula,Mecula,adm282,MOZ,Mueda_,Mueda,adm282,MOZ,Mueda_,,,,,,,,
Mecula-Muidumbe,Mecula,Mecula,adm283,MOZ,Muidumbe_,Muidumbe,adm283,MOZ,Muidumbe_,,,,,,,,
Mecula-Namuno,Mecula,Mecula,adm284,MOZ,Namuno_,Namuno,adm284,MOZ,Namuno_,,,,,,,,
Mecula-Nangade,Mecula,Mecula,adm285,MOZ,Nangade_,Nangade,adm285,MOZ,Nangade_,,,,,,,,
Mecula-Nipepe,Mecula,Mecula,adm286,MOZ,Nipepe_,Nipepe,adm286,MOZ,Nipepe_,,,,,,,,
Mecula-Palma,Mecula,Mecula,adm287,MOZ,Palma_,Palma,adm287,MOZ,Palma_,,,,,,,,
Mecula-Quissanga,Mecula,Mecula,adm288,MOZ,Quissanga_,Quissanga,adm288,MOZ,Quissanga_,,,,,,,,
Meluco-Ancuabe,Meluco,Meluco,adm289,MOZ,Ancuabe_,Ancuabe,adm289,MOZ,Ancuabe_,34,5.1,6.8,5.1,5.1,6.8,5.1,
Meluco-Balama,Meluco,Meluco,adm290,MOZ,Balama_,Balama,adm290,MOZ,Balama_,41,6.15,8.2,6.15,6.15,8.2,6.15,
Meluco-Chiure,Meluco,Meluco,adm291,MOZ,Chiure_,Chiure,adm291,MOZ,Chiure_,64,9.6,12.8,9.6,9.6,12.8,9.6,
Meluco-Cidade De Pemba,Meluco,Meluco,adm292,MOZ,Cidade_De_Pemba_,Cidade De Pemba,adm292,MOZ,Cidade_De_Pemba_,66,9.9,13.2,9.9,9.9,13.2,9.9,
Meluco-Erati,Meluco,Meluco,adm293,MOZ,Erati_,Erati,adm293,MOZ,Erati_,53,7.95,10.6,7.95,7.95,10.6,7.95,
Meluco-Ibo,Meluco,Meluco,adm294,MOZ,Ibo_,Ibo,adm294,MOZ,Ibo_,4,0.6,0.8,0.6,0.6,0.8,0.6,
Meluco-Lalaua,Meluco,Meluco,adm295,MOZ,Lalaua_,Lalaua,adm295,MOZ,Lalaua_,6,0.9,1.2,0.9,0.9,1.2,0.9,
Meluco-Macomia,Meluco,Meluco,adm296,MOZ,Macomia_,Macomia,adm296,MOZ,Macomia_,25,3.75,5,3.75,3.75,5,3.75,
Meluco-Marrupa,Meluco,Meluco,adm297,MOZ,Marrupa_,Marrupa,adm297,MOZ,Marrupa_,1,0.15,0.2,0.15,0.15,0.2,0.15,
Meluco-Mecuburi,Meluco,Meluco,adm298,MOZ,Mecuburi_,Mecuburi,adm298,MOZ,Mecuburi_,14,2.1,2.8,2.1,2.1,2.8,2.1,
Meluco-Mecufi,Meluco,Meluco,adm299,MOZ,Mecufi_,Mecufi,adm299,MOZ,Mecufi_,15,2.25,3,2.25,2.25,3,2.25,
Meluco-Mecula,Meluco,Meluco,adm300,MOZ,Mecula_,Mecula,adm300,MOZ,Mecula_,1,0.15,0.2,0.15,0.15,0.2,0.15,
Meluco-Meluco,Meluco,Meluco,adm301,MOZ,Meluco_,Meluco,adm301,MOZ,Meluco_,7,1.05,1.4,1.05,1.05,1.4,1.05,
Meluco-Memba,Meluco,Meluco,adm302,MOZ,Memba_,Memba,adm302,MOZ,Memba_,5,0.75,1,0.75,0.75,1,0.75,
Meluco-Metuge,Meluco,Meluco,adm303,MOZ,Metuge_,Metuge,adm303,MOZ,Metuge_,25,3.75,5,3.75,3.75,5,3.75,
Meluco-Mocimboa Da Praia,Meluco,Meluco,adm304,MOZ,Mocimboa_Da_Praia_,Mocimboa Da Praia,adm304,MOZ,Mocimboa_Da_Praia_,30,4.5,6,4.5,4.5,6,4.5,
Meluco-Montepuez,Meluco,Meluco,adm305,MOZ,Montepuez_,Montepuez,adm305,MOZ,Montepuez_,70,10.5,14,10.5,10.5,14,10.5,
Meluco-Mueda,Meluco,Meluco,adm306,MOZ,Mueda_,Mueda,adm306,MOZ,Mueda_,39,5.85,7.8,5.85,5.85,7.8,5.85,
Meluco-Muidumbe,Meluco,Meluco,adm307,MOZ,Muidumbe_,Muidumbe,adm307,MOZ,Muidumbe_,22,3.3,4.4,3.3,3.3,4.4,3.3,
Meluco-Namuno,Meluco,Meluco,adm308,MOZ,Namuno_,Namuno,adm308,MOZ,Namuno_,63,9.45,12.6,9.45,9.45,12.6,9.45,
Meluco-Nangade,Meluco,Meluco,adm309,MOZ,Nangade_,Nangade,adm309,MOZ,Nangade_,23,3.45,4.6,3.45,3.45,4.6,3.45,
Meluco-Nipepe,Meluco,Meluco,adm310,MOZ,Nipepe_,Nipepe,adm310,MOZ,Nipepe_,3,0.45,0.6,0.45,0.45,0.6,0.45,
Meluco-Palma,Meluco,Meluco,adm311,MOZ,Palma_,Palma,adm311,MOZ,Palma_,18,2.7,3.6,2.7,2.7,3.6,2.7,
Meluco-Quissanga,Meluco,Meluco,adm312,MOZ,Quissanga_,Quissanga,adm312,MOZ,Quissanga_,12,1.8,2.4,1.8,1.8,2.4,1.8,
Memba-Ancuabe,Memba,Memba,adm313,MOZ,Ancuabe_,Ancuabe,adm313,MOZ,Ancuabe_,,,,,,,,
Memba-Balama,Memba,Memba,adm314,MOZ,Balama_,Balama,adm314,MOZ,Balama_,,,,,,,,
Memba-Chiure,Memba,Memba,adm315,MOZ,Chiure_,Chiure,adm315,MOZ,Chiure_,,,,,,,,
Memba-Cidade De Pemba,Memba,Memba,adm316,MOZ,Cidade_De_Pemba_,Cidade De Pemba,adm316,MOZ,Cidade_De_Pemba_,,,,,,,,
Memba-Erati,Memba,Memba,adm317,MOZ,Erati_,Erati,adm317,MOZ,Erati_,,,,,,,,
Memba-Ibo,Memba,Memba,adm318,MOZ,Ibo_,Ibo,adm318,MOZ,Ibo_,,,,,,,,
Memba-Lalaua,Memba,Memba,adm319,MOZ,Lalaua_,Lalaua,adm319,MOZ,Lalaua_,,,,,,,,
Memba-Macomia,Memba,Memba,adm320,MOZ,Macomia_,Macomia,adm320,MOZ,Macomia_,,,,,,,,
Memba-Marrupa,Memba,Memba,adm321,MOZ,Marrupa_,Marrupa,adm321,MOZ,Marrupa_,,,,,,,,
Memba-Mecuburi,Memba,Memba,adm322,MOZ,Mecuburi_,Mecuburi,adm322,MOZ,Mecuburi_,,,,,,,,
Memba-Mecufi,Memba,Memba,adm323,MOZ,Mecufi_,Mecufi,adm323,MOZ,Mecufi_,,,,,,,,
Memba-Mecula,Memba,Memba,adm324,MOZ,Mecula_,Mecula,adm324,MOZ,Mecula_,,,,,,,,
Memba-Meluco,Memba,Memba,adm325,MOZ,Meluco_,Meluco,adm325,MOZ,Meluco_,,,,,,,,
Memba-Memba,Memba,Memba,adm326,MOZ,Memba_,Memba,adm326,MOZ,Memba_,,,,,,,,
Memba-Metuge,Memba,Memba,adm327,MOZ,Metuge_,Metuge,adm327,MOZ,Metuge_,,,,,,,,
Memba-Mocimboa Da Praia,Memba,Memba,adm328,MOZ,Mocimboa_Da_Praia_,Mocimboa Da Praia,adm328,MOZ,Mocimboa_Da_Praia_,,,,,,,,
Memba-Montepuez,Memba,Memba,adm329,MOZ,Montepuez_,Montepuez,adm329,MOZ,Montepuez_,,,,,,,,
Memba-Mueda,Memba,Memba,adm330,MOZ,Mueda_,Mueda,adm330,MOZ,Mueda_,,,,,,,,
Memba-Muidumbe,Memba,Memba,adm331,MOZ,Muidumbe_,Muidumbe,adm331,MOZ,Muidumbe_,,,,,,,,
Memba-Namuno,Memba,Memba,adm332,MOZ,Namuno_,Namuno,adm332,MOZ,Namuno_,,,,,,,,
Memba-Nangade,Memba,Memba,adm333,MOZ,Nangade_,Nangade,adm333,MOZ,Nangade_,,,,,,,,
Memba-Nipepe,Memba,Memba,adm334,MOZ,Nipepe_,Nipepe,adm334,MOZ,Nipepe_,,,,,,,,
Memba-Palma,Memba,Memba,adm335,MOZ,Palma_,Palma,adm335,MOZ,Palma_,,,,,,,,
Memba-Quissanga,Memba,Memba,adm336,MOZ,Quissanga_,Quissanga,adm336,MOZ,Quissanga_,,,,,,,,
Metuge-Ancuabe,Metuge,Metuge,adm337,MOZ,Ancuabe_,Ancuabe,adm337,MOZ,Ancuabe_,,,,,,,,
Metuge-Balama,Metuge,Metuge,adm338,MOZ,Balama_,Balama,adm338,MOZ,Balama_,,,,,,,,
Metuge-Chiure,Metuge,Metuge,adm339,MOZ,Chiure_,Chiure,adm339,MOZ,Chiure_,,,,,,,,
Metuge-Cidade De Pemba,Metuge,Metuge,adm340,MOZ,Cidade_De_Pemba_,Cidade De Pemba,adm340,MOZ,Cidade_De_Pemba_,,,,,,,,
Metuge-Erati,Metuge,Metuge,adm341,MOZ,Erati_,Erati,adm341,MOZ,Erati_,,,,,,,,
Metuge-Ibo,Metuge,Metuge,adm342,MOZ,Ibo_,Ibo,adm342,MOZ,Ibo_,,,,,,,,
Metuge-Lalaua,Metuge,Metuge,adm343,MOZ,Lalaua_,Lalaua,adm343,MOZ,Lalaua_,,,,,,,,
Metuge-Macomia,Metuge,Metuge,adm344,MOZ,Macomia_,Macomia,adm344,MOZ,Macomia_,,,,,,,,
Metuge-Marrupa,Metuge,Metuge,adm345,MOZ,Marrupa_,Marrupa,adm345,MOZ,Marrupa_,,,,,,,,
Metuge-Mecuburi,Metuge,Metuge,adm346,MOZ,Mecuburi_,Mecuburi,adm346,MOZ,Mecuburi_,,,,,,,,
Metuge-Mecufi,Metuge,Metuge,adm347,MOZ,Mecufi_,Mecufi,adm347,MOZ,Mecufi_,,,,,,,,
Metuge-Mecula,Metuge,Metuge,adm348,MOZ,Mecula_,Mecula,adm348,MOZ,Mecula_,,,,,,,,
Metuge-Meluco,Metuge,Metuge,adm349,MOZ,Meluco_,Meluco,adm349,MOZ,Meluco_,,,,,,,,
Metuge-Memba,Metuge,Metuge,adm350,MOZ,Memba_,Memba,adm350,MOZ,Memba_,,,,,,,,
Metuge-Metuge,Metuge,Metuge,adm351,MOZ,Metuge_,Metuge,adm351,MOZ,Metuge_,,,,,,,,
Metuge-Mocimboa Da Praia,Metuge,Metuge,adm352,MOZ,Mocimboa_Da_Praia_,Mocimboa Da Praia,adm352,MOZ,Mocimboa_Da_Praia_,,,,,,,,
Metuge-Montepuez,Metuge,Metuge,adm353,MOZ,Montepuez_,Montepuez,adm353,MOZ,Montepuez_,,,,,,,,
Metuge-Mueda,Metuge,Metuge,adm354,MOZ,Mueda_,Mueda,adm354,MOZ,Mueda_,,,,,,,,
Metuge-Muidumbe,Metuge,Metuge,adm355,MOZ,Muidumbe_,Muidumbe,adm355,MOZ,Muidumbe_,,,,,,,,
Metuge-Namuno,Metuge,Metuge,adm356,MOZ,Namuno_,Namuno,adm356,MOZ,Namuno_,,,,,,,,
Metuge-Nangade,Metuge,Metuge,adm357,MOZ,Nangade_,Nangade,adm357,MOZ,Nangade_,,,,,,,,
Metuge-Nipepe,Metuge,Metuge,adm358,MOZ,Nipepe_,Nipepe,adm358,MOZ,Nipepe_,,,,,,,,
Metuge-Palma,Metuge,Metuge,adm359,MOZ,Palma_,Palma,adm359,MOZ,Palma_,,,,,,,,
Metuge-Quissanga,Metuge,Metuge,adm360,MOZ,Quissanga_,Quissanga,adm360,MOZ,Quissanga_,,,,,,,,
Mocimboa Da Praia-Ancuabe,Mocimboa Da Praia,Mocimboa Da Praia,adm361,MOZ,Ancuabe_,Ancuabe,adm361,MOZ,Ancuabe_,,,,,,,,
Mocimboa Da Praia-Balama,Mocimboa Da Praia,Mocimboa Da Praia,adm362,MOZ,Balama_,Balama,adm362,MOZ,Balama_,,,,,,,,
Mocimboa Da Praia-Chiure,Mocimboa Da Praia,Mocimboa Da Praia,adm363,MOZ,Chiure_,Chiure,adm363,MOZ,Chiure_,,,,,,,,
Mocimboa Da Praia-Cidade De Pemba,Mocimboa Da Praia,Mocimboa Da Praia,adm364,MOZ,Cidade_De_Pemba_,Cidade De Pemba,adm364,MOZ,Cidade_De_Pemba_,,,,,,,,
Mocimboa Da Praia-Erati,Mocimboa Da Praia,Mocimboa Da Praia,adm365,MOZ,Erati_,Erati,adm365,MOZ,Erati_,,,,,,,,
Mocimboa Da Praia-Ibo,Mocimboa Da Praia,Mocimboa Da Praia,adm366,MOZ,Ibo_,Ibo,adm366,MOZ,Ibo_,,,,,,,,
Mocimboa Da Praia-Lalaua,Mocimboa Da Praia,Mocimboa Da Praia,adm367,MOZ,Lalaua_,Lalaua,adm367,MOZ,Lalaua_,,,,,,,,
Mocimboa Da Praia-Macomia,Mocimboa Da Praia,Mocimboa Da Praia,adm368,MOZ,Macomia_,Macomia,adm368,MOZ,Macomia_,,,,,,,,
Mocimboa Da Praia-Marrupa,Mocimboa Da Praia,Mocimboa Da Praia,adm369,MOZ,Marrupa_,Marrupa,adm369,MOZ,Marrupa_,,,,,,,,
Mocimboa Da Praia-Mecuburi,Mocimboa Da Praia,Mocimboa Da Praia,adm370,MOZ,Mecuburi_,Mecuburi,adm370,MOZ,Mecuburi_,,,,,,,,
Mocimboa Da Praia-Mecufi,Mocimboa Da Praia,Mocimboa Da Praia,adm371,MOZ,Mecufi_,Mecufi,adm371,MOZ,Mecufi_,,,,,,,,
Mocimboa Da Praia-Mecula,Mocimboa Da Praia,Mocimboa Da Praia,adm372,MOZ,Mecula_,Mecula,adm372,MOZ,Mecula_,,,,,,,,
Mocimboa Da Praia-Meluco,Mocimboa Da Praia,Mocimboa Da Praia,adm373,MOZ,Meluco_,Meluco,adm373,MOZ,Meluco_,,,,,,,,
Mocimboa Da Praia-Memba,Mocimboa Da Praia,Mocimboa Da Praia,adm374,MOZ,Memba_,Memba,adm374,MOZ,Memba_,,,,,,,,
Mocimboa Da Praia-Metuge,Mocimboa Da Praia,Mocimboa Da Praia,adm375,MOZ,Metuge_,Metuge,adm375,MOZ,Metuge_,,,,,,,,
Mocimboa Da Praia-Mocimboa Da Praia,Mocimboa Da Praia,Mocimboa Da Praia,adm376,MOZ,Mocimboa_Da_Praia_,Mocimboa Da Praia,adm376,MOZ,Mocimboa_Da_Praia_,,,,,,,,
Mocimboa Da Praia-Montepuez,Mocimboa Da Praia,Mocimboa Da Praia,adm377,MOZ,Montepuez_,Montepuez,adm377,MOZ,Montepuez_,,,,,,,,
Mocimboa Da Praia-Mueda,Mocimboa Da Praia,Mocimboa Da Praia,adm378,MOZ,Mueda_,Mueda,adm378,MOZ,Mueda_,,,,,,,,
Mocimboa Da Praia-Muidumbe,Mocimboa Da Praia,Mocimboa Da Praia,adm379,MOZ,Muidumbe_,Muidumbe,adm379,MOZ,Muidumbe_,,,,,,,,
Mocimboa Da Praia-Namuno,Mocimboa Da Praia,Mocimboa Da Praia,adm380,MOZ,Namuno_,Namuno,adm380,MOZ,Namuno_,,,,,,,,
Mocimboa Da Praia-Nangade,Mocimboa Da Praia,Mocimboa Da Praia,adm381,MOZ,Nangade_,Nangade,adm381,MOZ,Nangade_,,,,,,,,
Mocimboa Da Praia-Nipepe,Mocimboa Da Praia,Mocimboa Da Praia,adm382,MOZ,Nipepe_,Nipepe,adm382,MOZ,Nipepe_,,,,,,,,
Mocimboa Da Praia-Palma,Mocimboa Da Praia,Mocimboa Da Praia,adm383,MOZ,Palma_,Palma,adm383,MOZ,Palma_,,,,,,,,
Mocimboa Da Praia-Quissanga,Mocimboa Da Praia,Mocimboa Da Praia,adm384,MOZ,Quissanga_,Quissanga,adm384,MOZ,Quissanga_,,,,,,,,
Montepuez-Ancuabe,Montepuez,Montepuez,adm385,MOZ,Ancuabe_,Ancuabe,adm385,MOZ,Ancuabe_,,,,,,,,
Montepuez-Balama,Montepuez,Montepuez,adm386,MOZ,Balama_,Balama,adm386,MOZ,Balama_,,,,,,,,
Montepuez-Chiure,Montepuez,Montepuez,adm387,MOZ,Chiure_,Chiure,adm387,MOZ,Chiure_,,,,,,,,
Montepuez-Cidade De Pemba,Montepuez,Montepuez,adm388,MOZ,Cidade_De_Pemba_,Cidade De Pemba,adm388,MOZ,Cidade_De_Pemba_,,,,,,,,
Montepuez-Erati,Montepuez,Montepuez,adm389,MOZ,Erati_,Erati,adm389,MOZ,Erati_,,,,,,,,
Montepuez-Ibo,Montepuez,Montepuez,adm390,MOZ,Ibo_,Ibo,adm390,MOZ,Ibo_,,,,,,,,
Montepuez-Lalaua,Montepuez,Montepuez,adm391,MOZ,Lalaua_,Lalaua,adm391,MOZ,Lalaua_,,,,,,,,
Montepuez-Macomia,Montepuez,Montepuez,adm392,MOZ,Macomia_,Macomia,adm392,MOZ,Macomia_,,,,,,,,
Montepuez-Marrupa,Montepuez,Montepuez,adm393,MOZ,Marrupa_,Marrupa,adm393,MOZ,Marrupa_,,,,,,,,
Montepuez-Mecuburi,Montepuez,Montepuez,adm394,MOZ,Mecuburi_,Mecuburi,adm394,MOZ,Mecuburi_,,,,,,,,
Montepuez-Mecufi,Montepuez,Montepuez,adm395,MOZ,Mecufi_,Mecufi,adm395,MOZ,Mecufi_,,,,,,,,
Montepuez-Mecula,Montepuez,Montepuez,adm396,MOZ,Mecula_,Mecula,adm396,MOZ,Mecula_,,,,,,,,
Montepuez-Meluco,Montepuez,Montepuez,adm397,MOZ,Meluco_,Meluco,adm397,MOZ,Meluco_,,,,,,,,
Montepuez-Memba,Montepuez,Montepuez,adm398,MOZ,Memba_,Memba,adm398,MOZ,Memba_,,,,,,,,
Montepuez-Metuge,Montepuez,Montepuez,adm399,MOZ,Metuge_,Metuge,adm399,MOZ,Metuge_,,,,,,,,
Montepuez-Mocimboa Da Praia,Montepuez,Montepuez,adm400,MOZ,Mocimboa_Da_Praia_,Mocimboa Da Praia,adm400,MOZ,Mocimboa_Da_Praia_,,,,,,,,
Montepuez-Montepuez,Montepuez,Montepuez,adm401,MOZ,Montepuez_,Montepuez,adm401,MOZ,Montepuez_,,,,,,,,
Montepuez-Mueda,Montepuez,Montepuez,adm402,MOZ,Mueda_,Mueda,adm402,MOZ,Mueda_,,,,,,,,
Montepuez-Muidumbe,Montepuez,Montepuez,adm403,MOZ,Muidumbe_,Muidumbe,adm403,MOZ,Muidumbe_,,,,,,,,
Montepuez-Namuno,Montepuez,Montepuez,adm404,MOZ,Namuno_,Namuno,adm404,MOZ,Namuno_,,,,,,,,
Montepuez-Nangade,Montepuez,Montepuez,adm405,MOZ,Nangade_,Nangade,adm405,MOZ,Nangade_,,,,,,,,
Montepuez-Nipepe,Montepuez,Montepuez,adm406,MOZ,Nipepe_,Nipepe,adm406,MOZ,Nipepe_,,,,,,,,
Montepuez-Palma,Montepuez,Montepuez,adm407,MOZ,Palma_,Palma,adm407,MOZ,Palma_,,,,,,,,
Montepuez-Quissanga,Montepuez,Montepuez,adm408,MOZ,Quissanga_,Quissanga,adm408,MOZ,Quissanga_,,,,,,,,
Mueda-Ancuabe,Mueda,Mueda,adm409,MOZ,Ancuabe_,Ancuabe,adm409,MOZ,Ancuabe_,21,3.15,4.2,3.15,3.15,4.2,3.15,
Mueda-Balama,Mueda,Mueda,adm410,MOZ,Balama_,Balama,adm410,MOZ,Balama_,25,3.75,5,3.75,3.75,5,3.75,
Mueda-Chiure,Mueda,Mueda,adm411,MOZ,Chiure_,Chiure,adm411,MOZ,Chiure_,39,5.85,7.8,5.85,5.85,7.8,5.85,
Mueda-Cidade De Pemba,Mueda,Mueda,adm412,MOZ,Cidade_De_Pemba_,Cidade De Pemba,adm412,MOZ,Cidade_De_Pemba_,40,6,8,6,6,8,6,
Mueda-Erati,Mueda,Mueda,adm413,MOZ,Erati_,Erati,adm413,MOZ,Erati_,32,4.8,6.4,4.8,4.8,6.4,4.8,
Mueda-Ibo,Mueda,Mueda,adm414,MOZ,Ibo_,Ibo,adm414,MOZ,Ibo_,2,0.3,0.4,0.3,0.3,0.4,0.3,
Mueda-Lalaua,Mueda,Mueda,adm415,MOZ,Lalaua_,Lalaua,adm415,MOZ,Lalaua_,4,0.6,0.8,0.6,0.6,0.8,0.6,
Mueda-Macomia,Mueda,Mueda,adm416,MOZ,Macomia_,Macomia,adm416,MOZ,Macomia_,14,2.1,2.8,2.1,2.1,2.8,2.1,
Mueda-Marrupa,Mueda,Mueda,adm417,MOZ,Marrupa_,Marrupa,adm417,MOZ,Marrupa_,1,0.15,0.2,0.15,0.15,0.2,0.15,
Mueda-Mecuburi,Mueda,Mueda,adm418,MOZ,Mecuburi_,Mecuburi,adm418,MOZ,Mecuburi_,9,1.35,1.8,1.35,1.35,1.8,1.35,
Mueda-Mecufi,Mueda,Mueda,adm419,MOZ,Mecufi_,Mecufi,adm419,MOZ,Mecufi_,9,1.35,1.8,1.35,1.35,1.8,1.35,
Mueda-Mecula,Mueda,Mueda,adm420,MOZ,Mecula_,Mecula,adm420,MOZ,Mecula_,1,0.15,0.2,0.15,0.15,0.2,0.15,
Mueda-Meluco,Mueda,Mueda,adm421,MOZ,Meluco_,Meluco,adm421,MOZ,Meluco_,4,0.6,0.8,0.6,0.6,0.8,0.6,
Mueda-Memba,Mueda,Mueda,adm422,MOZ,Memba_,Memba,adm422,MOZ,Memba_,3,0.45,0.6,0.45,0.45,0.6,0.45,
Mueda-Metuge,Mueda,Mueda,adm423,MOZ,Metuge_,Metuge,adm423,MOZ,Metuge_,15,2.25,3,2.25,2.25,3,2.25,
Mueda-Mocimboa Da Praia,Mueda,Mueda,adm424,MOZ,Mocimboa_Da_Praia_,Mocimboa Da Praia,adm424,MOZ,Mocimboa_Da_Praia_,18,2.7,3.6,2.7,2.7,3.6,2.7,
Mueda-Montepuez,Mueda,Mueda,adm425,MOZ,Montepuez_,Montepuez,adm425,MOZ,Montepuez_,42,6.3,8.4,6.3,6.3,8.4,6.3,
Mueda-Mueda,Mueda,Mueda,adm426,MOZ,Mueda_,Mueda,adm426,MOZ,Mueda_,24,3.6,4.8,3.6,3.6,4.8,3.6,
Mueda-Muidumbe,Mueda,Mueda,adm427,MOZ,Muidumbe_,Muidumbe,adm427,MOZ,Muidumbe_,12,1.8,2.4,1.8,1.8,2.4,1.8,
Mueda-Namuno,Mueda,Mueda,adm428,MOZ,Namuno_,Namuno,adm428,MOZ,Namuno_,38,5.7,7.6,5.7,5.7,7.6,5.7,
Mueda-Nangade,Mueda,Mueda,adm429,MOZ,Nangade_,Nangade,adm429,MOZ,Nangade_,14,2.1,2.8,2.1,2.1,2.8,2.1,
Mueda-Nipepe,Mueda,Mueda,adm430,MOZ,Nipepe_,Nipepe,adm430,MOZ,Nipepe_,2,0.3,0.4,0.3,0.3,0.4,0.3,
Mueda-Palma,Mueda,Mueda,adm431,MOZ,Palma_,Palma,adm431,MOZ,Palma_,10,1.5,2,1.5,1.5,2,1.5,
Mueda-Quissanga,Mueda,Mueda,adm432,MOZ,Quissanga_,Quissanga,adm432,MOZ,Quissanga_,6,0.9,1.2,0.9,0.9,1.2,0.9,
Muidumbe-Ancuabe,Muidumbe,Muidumbe,adm433,MOZ,Ancuabe_,Ancuabe,adm433,MOZ,Ancuabe_,7,1.05,1.4,1.05,1.05,1.4,1.05,
Muidumbe-Balama,Muidumbe,Muidumbe,adm434,MOZ,Balama_,Balama,adm434,MOZ,Balama_,8,1.2,1.6,1.2,1.2,1.6,1.2,
Muidumbe-Chiure,Muidumbe,Muidumbe,adm435,MOZ,Chiure_,Chiure,adm435,MOZ,Chiure_,13,1.95,2.6,1.95,1.95,2.6,1.95,
Muidumbe-Cidade De Pemba,Muidumbe,Muidumbe,adm436,MOZ,Cidade_De_Pemba_,Cidade De Pemba,adm436,MOZ,Cidade_De_Pemba_,13,1.95,2.6,1.95,1.95,2.6,1.95,
Muidumbe-Erati,Muidumbe,Muidumbe,adm437,MOZ,Erati_,Erati,adm437,MOZ,Erati_,11,1.65,2.2,1.65,1.65,2.2,1.65,
Muidumbe-Ibo,Muidumbe,Muidumbe,adm438,MOZ,Ibo_,Ibo,adm438,MOZ,Ibo_,1,0.15,0.2,0.15,0.15,0.2,0.15,
Muidumbe-Lalaua,Muidumbe,Muidumbe,adm439,MOZ,Lalaua_,Lalaua,adm439,MOZ,Lalaua_,1,0.15,0.2,0.15,0.15,0.2,0.15,
Muidumbe-Macomia,Muidumbe,Muidumbe,adm440,MOZ,Macomia_,Macomia,adm440,MOZ,Macomia_,5,0.75,1,0.75,0.75,1,0.75,
Muidumbe-Marrupa,Muidumbe,Muidumbe,adm441,MOZ,Marrupa_,Marrupa,adm441,MOZ,Marrupa_,0,0,0,0,0,0,0,
Muidumbe-Mecuburi,Muidumbe,Muidumbe,adm442,MOZ,Mecuburi_,Mecuburi,adm442,MOZ,Mecuburi_,3,0.45,0.6,0.45,0.45,0.6,0.45,
Muidumbe-Mecufi,Muidumbe,Muidumbe,adm443,MOZ,Mecufi_,Mecufi,adm443,MOZ,Mecufi_,3,0.45,0.6,0.45,0.45,0.6,0.45,
Muidumbe-Mecula,Muidumbe,Muidumbe,adm444,MOZ,Mecula_,Mecula,adm444,MOZ,Mecula_,0,0,0,0,0,0,0,
Muidumbe-Meluco,Muidumbe,Muidumbe,adm445,MOZ,Meluco_,Meluco,adm445,MOZ,Meluco_,1,0.15,0.2,0.15,0.15,0.2,0.15,
Muidumbe-Memba,Muidumbe,Muidumbe,adm446,MOZ,Memba_,Memba,adm446,MOZ,Memba_,1,0.15,0.2,0.15,0.15,0.2,0.15,
Muidumbe-Metuge,Muidumbe,Muidumbe,adm447,MOZ,Metuge_,Metuge,adm447,MOZ,Metuge_,5,0.75,1,0.75,0.75,1,0.75,
Muidumbe-Mocimboa Da Praia,Muidumbe,Muidumbe,adm448,MOZ,Mocimboa_Da_Praia_,Mocimboa Da Praia,adm448,MOZ,Mocimboa_Da_Praia_,6,0.9,1.2,0.9,0.9,1.2,0.9,
Muidumbe-Montepuez,Muidumbe,Muidumbe,adm449,MOZ,Montepuez_,Montepuez,adm449,MOZ,Montepuez_,14,2.1,2.8,2.1,2.1,2.8,2.1,
Muidumbe-Mueda,Muidumbe,Muidumbe,adm450,MOZ,Mueda_,Mueda,adm450,MOZ,Mueda_,8,1.2,1.6,1.2,1.2,1.6,1.2,
Muidumbe-Muidumbe,Muidumbe,Muidumbe,adm451,MOZ,Muidumbe_,Muidumbe,adm451,MOZ,Muidumbe_,4,0.6,0.8,0.6,0.6,0.8,0.6,
Muidumbe-Namuno,Muidumbe,Muidumbe,adm452,MOZ,Namuno_,Namuno,adm452,MOZ,Namuno_,13,1.95,2.6,1.95,1.95,2.6,1.95,
Muidumbe-Nangade,Muidumbe,Muidumbe,adm453,MOZ,Nangade_,Nangade,adm453,MOZ,Nangade_,5,0.75,1,0.75,0.75,1,0.75,
Muidumbe-Nipepe,Muidumbe,Muidumbe,adm454,MOZ,Nipepe_,Nipepe,adm454,MOZ,Nipepe_,1,0.15,0.2,0.15,0.15,0.2,0.15,
Muidumbe-Palma,Muidumbe,Muidumbe,adm455,MOZ,Palma_,Palma,adm455,MOZ,Palma_,3,0.45,0.6,0.45,0.45,0.6,0.45,
Muidumbe-Quissanga,Muidumbe,Muidumbe,adm456,MOZ,Quissanga_,Quissanga,adm456,MOZ,Quissanga_,2,0.3,0.4,0.3,0.3,0.4,0.3,
Namuno-Ancuabe,Namuno,Namuno,adm457,MOZ,Ancuabe_,Ancuabe,adm457,MOZ,Ancuabe_,,,,,,,,
Namuno-Balama,Namuno,Namuno,adm458,MOZ,Balama_,Balama,adm458,MOZ,Balama_,,,,,,,,
Namuno-Chiure,Namuno,Namuno,adm459,MOZ,Chiure_,Chiure,adm459,MOZ,Chiure_,,,,,,,,
Namuno-Cidade De Pemba,Namuno,Namuno,adm460,MOZ,Cidade_De_Pemba_,Cidade De Pemba,adm460,MOZ,Cidade_De_Pemba_,,,,,,,,
Namuno-Erati,Namuno,Namuno,adm461,MOZ,Erati_,Erati,adm461,MOZ,Erati_,,,,,,,,
Namuno-Ibo,Namuno,Namuno,adm462,MOZ,Ibo_,Ibo,adm462,MOZ,Ibo_,,,,,,,,
Namuno-Lalaua,Namuno,Namuno,adm463,MOZ,Lalaua_,Lalaua,adm463,MOZ,Lalaua_,,,,,,,,
Namuno-Macomia,Namuno,Namuno,adm464,MOZ,Macomia_,Macomia,adm464,MOZ,Macomia_,,,,,,,,
Namuno-Marrupa,Namuno,Namuno,adm465,MOZ,Marrupa_,Marrupa,adm465,MOZ,Marrupa_,,,,,,,,
Namuno-Mecuburi,Namuno,Namuno,adm466,MOZ,Mecuburi_,Mecuburi,adm466,MOZ,Mecuburi_,,,,,,,,
Namuno-Mecufi,Namuno,Namuno,adm467,MOZ,Mecufi_,Mecufi,adm467,MOZ,Mecufi_,,,,,,,,
Namuno-Mecula,Namuno,Namuno,adm468,MOZ,Mecula_,Mecula,adm468,MOZ,Mecula_,,,,,,,,
Namuno-Meluco,Namuno,Namuno,adm469,MOZ,Meluco_,Meluco,adm469,MOZ,Meluco_,,,,,,,,
Namuno-Memba,Namuno,Namuno,adm470,MOZ,Memba_,Memba,adm470,MOZ,Memba_,,,,,,,,
Namuno-Metuge,Namuno,Namuno,adm471,MOZ,Metuge_,Metuge,adm471,MOZ,Metuge_,,,,,,,,
Namuno-Mocimboa Da Praia,Namuno,Namuno,adm472,MOZ,Mocimboa_Da_Praia_,Mocimboa Da Praia,adm472,MOZ,Mocimboa_Da_Praia_,,,,,,,,
Namuno-Montepuez,Namuno,Namuno,adm473,MOZ,Montepuez_,Montepuez,adm473,MOZ,Montepuez_,,,,,,,,
Namuno-Mueda,Namuno,Namuno,adm474,MOZ,Mueda_,Mueda,adm474,MOZ,Mueda_,,,,,,,,
Namuno-Muidumbe,Namuno,Namuno,adm475,MOZ,Muidumbe_,Muidumbe,adm475,MOZ,Muidumbe_,,,,,,,,
Namuno-Namuno,Namuno,Namuno,adm476,MOZ,Namuno_,Namuno,adm476,MOZ,Namuno_,,,,,,,,
Namuno-Nangade,Namuno,Namuno,adm477,MOZ,Nangade_,Nangade,adm477,MOZ,Nangade_,,,,,,,,
Namuno-Nipepe,Namuno,Namuno,adm478,MOZ,Nipepe_,Nipepe,adm478,MOZ,Nipepe_,,,,,,,,
Namuno-Palma,Namuno,Namuno,adm479,MOZ,Palma_,Palma,adm479,MOZ,Palma_,,,,,,,,
Namuno-Quissanga,Namuno,Namuno,adm480,MOZ,Quissanga_,Quissanga,adm480,MOZ,Quissanga_,,,,,,,,
Nangade-Ancuabe,Nangade,Nangade,adm481,MOZ,Ancuabe_,Ancuabe,adm481,MOZ,Ancuabe_,,,,,,,,
Nangade-Balama,Nangade,Nangade,adm482,MOZ,Balama_,Balama,adm482,MOZ,Balama_,,,,,,,,
Nangade-Chiure,Nangade,Nangade,adm483,MOZ,Chiure_,Chiure,adm483,MOZ,Chiure_,,,,,,,,
Nangade-Cidade De Pemba,Nangade,Nangade,adm484,MOZ,Cidade_De_Pemba_,Cidade De Pemba,adm484,MOZ,Cidade_De_Pemba_,,,,,,,,
Nangade-Erati,Nangade,Nangade,adm485,MOZ,Erati_,Erati,adm485,MOZ,Erati_,,,,,,,,
Nangade-Ibo,Nangade,Nangade,adm486,MOZ,Ibo_,Ibo,adm486,MOZ,Ibo_,,,,,,,,
Nangade-Lalaua,Nangade,Nangade,adm487,MOZ,Lalaua_,Lalaua,adm487,MOZ,Lalaua_,,,,,,,,
Nangade-Macomia,Nangade,Nangade,adm488,MOZ,Macomia_,Macomia,adm488,MOZ,Macomia_,,,,,,,,
Nangade-Marrupa,Nangade,Nangade,adm489,MOZ,Marrupa_,Marrupa,adm489,MOZ,Marrupa_,,,,,,,,
Nangade-Mecuburi,Nangade,Nangade,adm490,MOZ,Mecuburi_,Mecuburi,adm490,MOZ,Mecuburi_,,,,,,,,
Nangade-Mecufi,Nangade,Nangade,adm491,MOZ,Mecufi_,Mecufi,adm491,MOZ,Mecufi_,,,,,,,,
Nangade-Mecula,Nangade,Nangade,adm492,MOZ,Mecula_,Mecula,adm492,MOZ,Mecula_,,,,,,,,
Nangade-Meluco,Nangade,Nangade,adm493,MOZ,Meluco_,Meluco,adm493,MOZ,Meluco_,,,,,,,,
Nangade-Memba,Nangade,Nangade,adm494,MOZ,Memba_,Memba,adm494,MOZ,Memba_,,,,,,,,
Nangade-Metuge,Nangade,Nangade,adm495,MOZ,Metuge_,Metuge,adm495,MOZ,Metuge_,,,,,,,,
Nangade-Mocimboa Da Praia,Nangade,Nangade,adm496,MOZ,Mocimboa_Da_Praia_,Mocimboa Da Praia,adm496,MOZ,Mocimboa_Da_Praia_,,,,,,,,
Nangade-Montepuez,Nangade,Nangade,adm497,MOZ,Montepuez_,Montepuez,adm497,MOZ,Montepuez_,,,,,,,,
Nangade-Mueda,Nangade,Nangade,adm498,MOZ,Mueda_,Mueda,adm498,MOZ,Mueda_,,,,,,,,
Nangade-Muidumbe,Nangade,Nangade,adm499,MOZ,Muidumbe_,Muidumbe,adm499,MOZ,Muidumbe_,,,,,,,,
Nangade-Namuno,Nangade,Nangade,adm500,MOZ,Namuno_,Namuno,adm500,MOZ,Namuno_,,,,,,,,
Nangade-Nangade,Nangade,Nangade,adm501,MOZ,Nangade_,Nangade,adm501,MOZ,Nangade_,,,,,,,,
Nangade-Nipepe,Nangade,Nangade,adm502,MOZ,Nipepe_,Nipepe,adm502,MOZ,Nipepe_,,,,,,,,
Nangade-Palma,Nangade,Nangade,adm503,MOZ,Palma_,Palma,adm503,MOZ,Palma_,,,,,,,,
Nangade-Quissanga,Nangade,Nangade,adm504,MOZ,Quissanga_,Quissanga,adm504,MOZ,Quissanga_,,,,,,,,
Nipepe-Ancuabe,Nipepe,Nipepe,adm505,MOZ,Ancuabe_,Ancuabe,adm505,MOZ,Ancuabe_,,,,,,,,
Nipepe-Balama,Nipepe,Nipepe,adm506,MOZ,Balama_,Balama,adm506,MOZ,Balama_,,,,,,,,
Nipepe-Chiure,Nipepe,Nipepe,adm507,MOZ,Chiure_,Chiure,adm507,MOZ,Chiure_,,,,,,,,
Nipepe-Cidade De Pemba,Nipepe,Nipepe,adm508,MOZ,Cidade_De_Pemba_,Cidade De Pemba,adm508,MOZ,Cidade_De_Pemba_,,,,,,,,
Nipepe-Erati,Nipepe,Nipepe,adm509,MOZ,Erati_,Erati,adm509,MOZ,Erati_,,,,,,,,
Nipepe-Ibo,Nipepe,Nipepe,adm510,MOZ,Ibo_,Ibo,adm510,MOZ,Ibo_,,,,,,,,
Nipepe-Lalaua,Nipepe,Nipepe,adm511,MOZ,Lalaua_,Lalaua,adm511,MOZ,Lalaua_,,,,,,,,
Nipepe-Macomia,Nipepe,Nipepe,adm512,MOZ,Macomia_,Macomia,adm512,MOZ,Macomia_,,,,,,,,
Nipepe-Marrupa,Nipepe,Nipepe,adm513,MOZ,Marrupa_,Marrupa,adm513,MOZ,Marrupa_,,,,,,,,
Nipepe-Mecuburi,Nipepe,Nipepe,adm514,MOZ,Mecuburi_,Mecuburi,adm514,MOZ,Mecuburi_,,,,,,,,
Nipepe-Mecufi,Nipepe,Nipepe,adm515,MOZ,Mecufi_,Mecufi,adm515,MOZ,Mecufi_,,,,,,,,
Nipepe-Mecula,Nipepe,Nipepe,adm516,MOZ,Mecula_,Mecula,adm516,MOZ,Mecula_,,,,,,,,
Nipepe-Meluco,Nipepe,Nipepe,adm517,MOZ,Meluco_,Meluco,adm517,MOZ,Meluco_,,,,,,,,
Nipepe-Memba,Nipepe,Nipepe,adm518,MOZ,Memba_,Memba,adm518,MOZ,Memba_,,,,,,,,
Nipepe-Metuge,Nipepe,Nipepe,adm519,MOZ,Metuge_,Metuge,adm519,MOZ,Metuge_,,,,,,,,
Nipepe-Mocimboa Da Praia,Nipepe,Nipepe,adm520,MOZ,Mocimboa_Da_Praia_,Mocimboa Da Praia,adm520,MOZ,Mocimboa_Da_Praia_,,,,,,,,
Nipepe-Montepuez,Nipepe,Nipepe,adm521,MOZ,Montepuez_,Montepuez,adm521,MOZ,Montepuez_,,,,,,,,
Nipepe-Mueda,Nipepe,Nipepe,adm522,MOZ,Mueda_,Mueda,adm522,MOZ,Mueda_,,,,,,,,
Nipepe-Muidumbe,Nipepe,Nipepe,adm523,MOZ,Muidumbe_,Muidumbe,adm523,MOZ,Muidumbe_,,,,,,,,
Nipepe-Namuno,Nipepe,Nipepe,adm524,MOZ,Namuno_,Namuno,adm524,MOZ,Namuno_,,,,,,,,
Nipepe-Nangade,Nipepe,Nipepe,adm525,MOZ,Nangade_,Nangade,adm525,MOZ,Nangade_,,,,,,,,
Nipepe-Nipepe,Nipepe,Nipepe,adm526,MOZ,Nipepe_,Nipepe,adm526,MOZ,Nipepe_,,,,,,,,
Nipepe-Palma,Nipepe,Nipepe,adm527,MOZ,Palma_,Palma,adm527,MOZ,Palma_,,,,,,,,
Nipepe-Quissanga,Nipepe,Nipepe,adm528,MOZ,Quissanga_,Quissanga,adm528,MOZ,Quissanga_,,,,,,,,
Palma-Ancuabe,Palma,Palma,adm529,MOZ,Ancuabe_,Ancuabe,adm529,MOZ,Ancuabe_,,,,,,,,
Palma-Balama,Palma,Palma,adm530,MOZ,Balama_,Balama,adm530,MOZ,Balama_,,,,,,,,
Palma-Chiure,Palma,Palma,adm531,MOZ,Chiure_,Chiure,adm531,MOZ,Chiure_,,,,,,,,
Palma-Cidade De Pemba,Palma,Palma,adm532,MOZ,Cidade_De_Pemba_,Cidade De Pemba,adm532,MOZ,Cidade_De_Pemba_,,,,,,,,
Palma-Erati,Palma,Palma,adm533,MOZ,Erati_,Erati,adm533,MOZ,Erati_,,,,,,,,
Palma-Ibo,Palma,Palma,adm534,MOZ,Ibo_,Ibo,adm534,MOZ,Ibo_,,,,,,,,
Palma-Lalaua,Palma,Palma,adm535,MOZ,Lalaua_,Lalaua,adm535,MOZ,Lalaua_,,,,,,,,
Palma-Macomia,Palma,Palma,adm536,MOZ,Macomia_,Macomia,adm536,MOZ,Macomia_,,,,,,,,
Palma-Marrupa,Palma,Palma,adm537,MOZ,Marrupa_,Marrupa,adm537,MOZ,Marrupa_,,,,,,,,
Palma-Mecuburi,Palma,Palma,adm538,MOZ,Mecuburi_,Mecuburi,adm538,MOZ,Mecuburi_,,,,,,,,
Palma-Mecufi,Palma,Palma,adm539,MOZ,Mecufi_,Mecufi,adm539,MOZ,Mecufi_,,,,,,,,
Palma-Mecula,Palma,Palma,adm540,MOZ,Mecula_,Mecula,adm540,MOZ,Mecula_,,,,,,,,
Palma-Meluco,Palma,Palma,adm541,MOZ,Meluco_,Meluco,adm541,MOZ,Meluco_,,,,,,,,
Palma-Memba,Palma,Palma,adm542,MOZ,Memba_,Memba,adm542,MOZ,Memba_,,,,,,,,
Palma-Metuge,Palma,Palma,adm543,MOZ,Metuge_,Metuge,adm543,MOZ,Metuge_,,,,,,,,
Palma-Mocimboa Da Praia,Palma,Palma,adm544,MOZ,Mocimboa_Da_Praia_,Mocimboa Da Praia,adm544,MOZ,Mocimboa_Da_Praia_,,,,,,,,
Palma-Montepuez,Palma,Palma,adm545,MOZ,Montepuez_,Montepuez,adm545,MOZ,Montepuez_,,,,,,,,
Palma-Mueda,Palma,Palma,adm546,MOZ,Mueda_,Mueda,adm546,MOZ,Mueda_,,,,,,,,
Palma-Muidumbe,Palma,Palma,adm547,MOZ,Muidumbe_,Muidumbe,adm547,MOZ,Muidumbe_,,,,,,,,
Palma-Namuno,Palma,Palma,adm548,MOZ,Namuno_,Namuno,adm548,MOZ,Namuno_,,,,,,,,
Palma-Nangade,Palma,Palma,adm549,MOZ,Nangade_,Nangade,adm549,MOZ,Nangade_,,,,,,,,
Palma-Nipepe,Palma,Palma,adm550,MOZ,Nipepe_,Nipepe,adm550,MOZ,Nipepe_,,,,,,,,
Palma-Palma,Palma,Palma,adm551,MOZ,Palma_,Palma,adm551,MOZ,Palma_,,,,,,,,
Palma-Quissanga,Palma,Palma,adm552,MOZ,Quissanga_,Quissanga,adm552,MOZ,Quissanga_,,,,,,,,
Quissanga-Ancuabe,Quissanga,Quissanga,adm553,MOZ,Ancuabe_,Ancuabe,adm553,MOZ,Ancuabe_,,,,,,,,
Quissanga-Balama,Quissanga,Quissanga,adm554,MOZ,Balama_,Balama,adm554,MOZ,Balama_,,,,,,,,
Quissanga-Chiure,Quissanga,Quissanga,adm555,MOZ,Chiure_,Chiure,adm555,MOZ,Chiure_,,,,,,,,
Quissanga-Cidade De Pemba,Quissanga,Quissanga,adm556,MOZ,Cidade_De_Pemba_,Cidade De Pemba,adm556,MOZ,Cidade_De_Pemba_,,,,,,,,
Quissanga-Erati,Quissanga,Quissanga,adm557,MOZ,Erati_,Erati,adm557,MOZ,Erati_,,,,,,,,
Quissanga-Ibo,Quissanga,Quissanga,adm558,MOZ,Ibo_,Ibo,adm558,MOZ,Ibo_,,,,,,,,
Quissanga-Lalaua,Quissanga,Quissanga,adm559,MOZ,Lalaua_,Lalaua,adm559,MOZ,Lalaua_,,,,,,,,
Quissanga-Macomia,Quissanga,Quissanga,adm560,MOZ,Macomia_,Macomia,adm560,MOZ,Macomia_,,,,,,,,
Quissanga-Marrupa,Quissanga,Quissanga,adm561,MOZ,Marrupa_,Marrupa,adm561,MOZ,Marrupa_,,,,,,,,
Quissanga-Mecuburi,Quissanga,Quissanga,adm562,MOZ,Mecuburi_,Mecuburi,adm562,MOZ,Mecuburi_,,,,,,,,
Quissanga-Mecufi,Quissanga,Quissanga,adm563,MOZ,Mecufi_,Mecufi,adm563,MOZ,Mecufi_,,,,,,,,
Quissanga-Mecula,Quissanga,Quissanga,adm564,MOZ,Mecula_,Mecula,adm564,MOZ,Mecula_,,,,,,,,
Quissanga-Meluco,Quissanga,Quissanga,adm565,MOZ,Meluco_,Meluco,adm565,MOZ,Meluco_,,,,,,,,
Quissanga-Memba,Quissanga,Quissanga,adm566,MOZ,Memba_,Memba,adm566,MOZ,Memba_,,,,,,,,
Quissanga-Metuge,Quissanga,Quissanga,adm567,MOZ,Metuge_,Metuge,adm567,MOZ,Metuge_,,,,,,,,
Quissanga-Mocimboa Da Praia,Quissanga,Quissanga,adm568,MOZ,Mocimboa_Da_Praia_,Mocimboa Da Praia,adm568,MOZ,Mocimboa_Da_Praia_,,,,,,,,
Quissanga-Montepuez,Quissanga,Quissanga,adm569,MOZ,Montepuez_,Montepuez,adm569,MOZ,Montepuez_,,,,,,,,
Quissanga-Mueda,Quissanga,Quissanga,adm570,MOZ,Mueda_,Mueda,adm570,MOZ,Mueda_,,,,,,,,
Quissanga-Muidumbe,Quissanga,Quissanga,adm571,MOZ,Muidumbe_,Muidumbe,adm571,MOZ,Muidumbe_,,,,,,,,
Quissanga-Namuno,Quissanga,Quissanga,adm572,MOZ,Namuno_,Namuno,adm572,MOZ,Namuno_,,,,,,,,
Quissanga-Nangade,Quissanga,Quissanga,adm573,MOZ,Nangade_,Nangade,adm573,MOZ,Nangade_,,,,,,,,
Quissanga-Nipepe,Quissanga,Quissanga,adm574,MOZ,Nipepe_,Nipepe,adm574,MOZ,Nipepe_,,,,,,,,
Quissanga-Palma,Quissanga,Quissanga,adm575,MOZ,Palma_,Palma,adm575,MOZ,Palma_,,,,,,,,
Quissanga-Quissanga,Quissanga,Quissanga,adm576,MOZ,Quissanga_,Quissanga,adm576,MOZ,Quissanga_,,,,,,,,
